zone,block,cvar_lambda,actual,forecast,da_price,rt_price,oracle_profit,realized_profit,regret,squared_error,test_date,local_hour
z03,18,0.0,0.504575,0.2580463408110458,35.800000000000004,30.97000000000001,541.9135500000001,506.19154728352066,35.72200271647944,0.060776379801503515,2013-11-23,9
z03,18,0.0,0.508625,0.25366880555713606,40.38,28.35,616.148325,524.1346344255704,92.01369057442957,0.06500266108478744,2013-11-23,10
z03,18,0.0,0.655375,0.6203985042460014,35.800000000000004,26.01,703.8727500000002,693.6001531970508,10.272596802949465,0.0012233552552294847,2013-11-23,11
z03,18,0.0,0.7322,0.6047186355754245,31.17,25.38,684.68022,662.5367069994513,22.143513000548637,0.016251498275551418,2013-11-23,12
z03,18,0.0,0.772925,0.6561815745665023,28.34,31.1,721.139025,666.8071906258937,54.33183437410628,0.013629027381946636,2013-11-23,13
z03,18,0.0,0.858,0.5644952022919335,25.47,25.06,655.5977999999999,651.9876909881907,3.610109011809186,0.08614506627765303,2013-11-23,14
z03,18,0.0,0.720525,0.47900500649068695,23.59,24.13,521.5880475,513.8281663948508,7.759881105149248,0.05833190726473861,2013-11-23,15
z03,18,0.0,0.636125,0.499678097084344,23.89,21.87,455.9107875000001,447.6421051833113,8.268682316688796,0.01861775731527446,2013-11-23,16
z03,18,0.0,0.42235,0.26946453657539016,23.01,23.65,299.657325,294.4836058977525,5.173719102247503,0.023373964926557717,2013-11-23,17
z03,18,0.0,0.189625,0.1630337373347825,21.5,22.92,130.38615,123.44091278953827,6.945237210461713,0.0007070952501305899,2013-11-23,18
z03,18,0.0,0.0868,0.043345246259812134,21.64,23.11,60.178439999999995,58.266914639942286,1.9115253600577091,0.0018883156226203715,2013-11-23,19
z03,18,0.0,0.0138,0.012926031605655917,21.62,22.24,9.20736,8.966935812134798,0.2404241878652016,7.63820754312374e-07,2013-11-23,20
z03,18,0.0,0.510075,0.38139342089276607,42.76,178.66,2733.899985,1178.9590080201926,1554.9409769798074,0.01655894880153129,2013-11-24,9
z03,18,0.0,0.729,0.5969496113596651,48.34,69.63,1522.8080999999997,1141.5363832245819,381.2717167754179,0.017437305140063492,2013-11-24,10
z03,18,0.0,0.7829,0.824790182471133,44.91,40.66,1054.80117,1031.9228468433907,22.878323156609213,0.0017547873874648155,2013-11-24,11
z03,18,0.0,0.80985,0.8066383945941897,41.52,39.67,1008.7491600000001,1008.5709158999775,0.178244100022539,1.031440928262946e-05,2013-11-24,12
z03,18,0.0,0.705925,0.674166033495664,37.2,36.71,787.8123,787.3454431923864,0.46685680761368076,0.0010086319534235407,2013-11-24,13
z03,18,0.0,0.396575,0.655365468367571,32.56,33.99,404.38752750000003,249.8790841563095,154.50844334369054,0.06697250651790677,2013-11-24,14
z03,18,0.0,0.7012,0.4977686397535848,29.29,31.03,652.7470800000001,626.763557004863,25.98352299513715,0.04138431833170677,2013-11-24,15
z03,18,0.0,0.575125,0.6544970300077196,32.05,30.61,552.9826874999999,518.2534557701222,34.72923172987771,0.006299919147546347,2013-11-24,16
z03,18,0.0,0.31325,0.4397404164221905,29.53,32.51,305.51272499999993,210.17100181764684,95.34172318235309,0.015999825446659174,2013-11-24,17
z03,18,0.0,0.13385,0.18767849231372832,26.84,36.49,146.525595,70.52132046966861,76.0042745303314,0.0028975065847691097,2013-11-24,18
z03,18,0.0,0.068075,0.05952881582058535,26.14,26.67,54.4668075,53.520299328452694,0.9465081715473076,7.303726402847722e-05,2013-11-24,19
z03,18,0.0,0.02835,0.01177715089138975,25.05,26.1,22.19805,21.82706974692122,0.3709802530787769,0.0002746593275767636,2013-11-24,20
z03,18,0.0,0.465975,0.5816029149738877,38.06,61.21,855.6698925,385.7346913920424,469.93520110795754,0.013369814721208614,2013-11-25,9
z03,18,0.0,0.42,0.7471020467185584,43.09,27.59,542.934,483.6140438275895,59.31995617241046,0.10699574896746997,2013-11-25,10
z03,18,0.0,0.638375,1.0,35.02,26.35,670.6767750000001,574.7738250000001,95.90295000000003,0.130772640625,2013-11-25,11
z03,18,0.0,0.484475,0.9555996098719707,33.62,24.07,488.64148499999993,386.0305449698847,102.61094003011522,0.22195839802701658,2013-11-25,12
z03,18,0.0,0.7944,1.0,28.16,21.83,671.10912,623.30712,47.80199999999991,0.04227136,2013-11-25,13
z03,18,0.0,0.619825,1.0,24.48,22.15,455.19947999999994,342.1734525,113.02602749999994,0.14453303062500003,2013-11-25,14
z03,18,0.0,0.639475,0.6198647178424964,20.76,17.8,398.2650300000001,396.52363694441374,1.741393055586343,0.0003845631662969041,2013-11-25,15
z03,18,0.0,0.635025,0.6093528465876294,20.35,17.61,387.68276249999997,385.5725114895031,2.1102510104968815,0.0006590594608282864,2013-11-25,16
z03,18,0.0,0.445975,0.23855905414860962,19.95,17.01,266.9160375,248.6219510759074,18.294086424092626,0.04302137459342691,2013-11-25,17
z03,18,0.0,0.1807,0.2006214220759028,18.48,17.07,100.18007999999999,95.50053795437043,4.67954204562956,0.00039686305752626767,2013-11-25,18
z03,18,0.0,0.0534,0.049198713451627275,18.68,15.43,29.92536,29.51573456153366,0.4096254384663425,1.7650808661537627e-05,2013-11-25,19
z03,18,0.0,0.01865,0.02295124340101306,19.12,17.06,10.69764,9.729860234772064,0.9677797652279363,1.8500694794758388e-05,2013-11-25,20
z03,18,0.0,0.633025,0.48923492330841556,43.23,27.6,820.9701224999999,753.546955539316,67.42316696068394,0.02067558615497172,2013-11-26,9
z03,18,0.0,0.794325,0.40910536321903196,49.71,28.02,1184.5768724999998,933.914454846624,250.66241765337577,0.1483941685616609,2013-11-26,10
z03,18,0.0,0.8878,0.7186354620380824,40.08,28.21,1067.49072,1007.251228031761,60.23949196823901,0.028616640903869082,2013-11-26,11
z03,18,0.0,0.92215,0.6593046521148729,34.95,25.99,966.874275,896.2214454884778,70.65282951152221,0.06908767690485351,2013-11-26,12
z03,18,0.0,0.9193,0.8536647727193216,31.61,26.38,871.7721899999999,861.4740228396615,10.29816716033838,0.004307983060186309,2013-11-26,13
z03,18,0.0,0.871725,0.877170256649155,25.97,25.83,679.1609474999999,677.062617850248,2.0983296497519177,2.9650819975167527e-05,2013-11-26,14
z03,18,0.0,0.765625,0.5261014523937894,24.34,22.8,559.059375,547.993387100593,11.065987899406991,0.05737152985786465,2013-11-26,15
z03,18,0.0,0.622925,0.6645442650422732,23.09,22.61,431.50014749999997,417.6846324692174,13.815515030782592,0.0017321632226589842,2013-11-26,16
z03,18,0.0,0.407775,0.3351378953496192,22.25,20.94,272.1898125,269.33517428724,2.854638212759994,0.005276148971990374,2013-11-26,17
z03,18,0.0,0.179075,0.19354656756607236,21.55,20.67,115.77198750000001,111.47610266801142,4.295884831988587,0.0002094262678193971,2013-11-26,18
z03,18,0.0,0.06775,0.046377675061299334,21.36,19.24,43.4142,42.05492013389864,1.3592798661013603,0.0004567762732854066,2013-11-26,19
z03,18,0.0,0.025725,0.015194555361240768,21.79,18.38,16.816432499999998,15.73916801345493,1.077264486545067,0.00011089026428997308,2013-11-26,20
z03,18,0.0,0.591925,0.583734724049417,39.44,25.62,700.3656599999999,696.9699715908882,3.395688409111699,6.708062014669959e-05,2013-11-27,9
z03,18,0.0,0.743825,0.6780138964133029,47.01,26.19,1049.0163974999998,1007.9107821997488,41.105615300250975,0.004331101355298971,2013-11-27,10
z03,18,0.0,0.84245,1.0,39.11,29.26,988.446585,942.5759025,45.87068250000004,0.02482200249999999,2013-11-27,11
z03,18,0.0,0.8818,0.9008339993429676,35.42,27.55,937.0006800000001,931.3818433939559,5.6188366060441695,0.00036229313098808976,2013-11-27,12
z03,18,0.0,0.8705,1.0,32.64,26.44,852.3936000000001,813.0774000000001,39.31619999999998,0.016770249999999987,2013-11-27,13
z03,18,0.0,0.8246,1.0,28.53,27.75,705.7751400000001,634.8170700000001,70.95807000000002,0.03076516,2013-11-27,14
z03,18,0.0,0.745325,0.6971712372972225,26.25,26.4,590.2974,587.1601294321624,3.137270567837618,0.0023187848624354047,2013-11-27,15
z03,18,0.0,0.498075,0.6451522586581834,24.82,28.57,426.9000825,299.5635900025126,127.33649249748737,0.02163172001440618,2013-11-27,16
z03,18,0.0,0.36055,0.3083275363952913,23.71,24.72,267.38388,258.04155564722265,9.342324352777325,0.0027271857049451214,2013-11-27,17
z03,18,0.0,0.1861,0.22443460273641408,23.35,24.63,137.50929,115.46430664649264,22.044983353507348,0.0014695417669586869,2013-11-27,18
z03,18,0.0,0.0843,0.05402139797323335,23.36,26.01,65.77929,61.484588861127946,4.294701138872057,0.0009167937406953176,2013-11-27,19
z03,18,0.0,0.027875,0.020892617101106792,24.09,35.76,29.9043,22.589794752902513,7.314505247097486,4.875367094675633e-05,2013-11-27,20
z03,18,0.0,0.560475,0.4770911624649832,38.82,26.82,652.7291849999999,622.7110034873939,30.01818151260602,0.006952864362066071,2013-11-28,9
z03,18,0.0,0.730575,0.610333992051558,42.81,27.01,938.2774725,881.2832347324386,56.99423776756146,0.01445789999245728,2013-11-28,10
z03,18,0.0,0.8349,1.0,39.17,25.78,981.09099,950.4071550000001,30.68383499999993,0.02725801000000001,2013-11-28,11
z03,18,0.0,0.79245,0.8492329197027981,34.65,27.75,823.751775,805.9929168629499,17.758858137050083,0.0032242999699744214,2013-11-28,12
z03,18,0.0,0.527975,1.0,31.35,31.1,496.56048749999997,278.1309187499999,218.42956875000004,0.22280760062500002,2013-11-28,13
z03,18,0.0,0.264425,0.9914655527583007,29.95,28.32,237.58586250000002,-53.48482279678574,291.07068529678577,0.5285879653550954,2013-11-28,14
z03,18,0.0,0.550675,0.7026326283570611,26.19,25.67,432.66534750000005,375.33933220229875,57.3260152977013,0.02309112081590269,2013-11-28,15
z03,18,0.0,0.30755,0.6021945238030907,27.26,24.96,251.51439000000002,151.36471635932944,100.14967364067058,0.08681539540715008,2013-11-28,16
z03,18,0.0,0.208175,0.3098436504878371,23.82,27.62,172.493805,100.84542002508238,71.64838497491763,0.010336514492017975,2013-11-28,17
z03,18,0.0,0.061775,0.23454156388627062,22.99,21.97,42.60621749999999,-11.685675201260528,54.29189270126052,0.02984828559706883,2013-11-28,18
z03,18,0.0,0.048675,0.06164004505525926,22.41,21.51,32.7242025,28.716058821166598,4.008143678833399,0.0001680923932849025,2013-11-28,19
z03,18,0.0,0.009025,0.022762063435171127,22.3,21.45,6.037725,1.7929723985321226,4.244752601467877,0.00018870691182191557,2013-11-28,20
z03,18,0.0,0.19265,0.47198063705231896,29.96,42.38,244.93521,-56.45596365700618,301.3911736570062,0.07802560479605436,2013-11-29,9
z03,18,0.0,0.18885,0.735727734700202,34.22,25.44,193.87340999999998,57.2086640984195,136.6647459015805,0.2990752567108246,2013-11-29,10
z03,18,0.0,0.41845,0.8780398378415847,32.69,28.92,410.37391499999995,236.9936486742621,173.38026632573786,0.21122281904725412,2013-11-29,11
z03,18,0.0,0.473825,0.9383148192088137,34.14,26.57,485.291565,352.911966525488,132.37959847451197,0.2157507921486364,2013-11-29,12
z03,18,0.0,0.63615,1.0,32.67,27.48,623.490615,501.8373675000001,121.65324749999996,0.1323868225,2013-11-29,13
z03,18,0.0,0.833025,0.853023205316546,29.34,24.95,733.228605,727.0611584803772,6.167446519622786,0.0003999282158827266,2013-11-29,14
z03,18,0.0,0.81265,0.66518258193615,28.11,29.35,715.538325,690.7935329519753,24.744792048024692,0.021746639390418314,2013-11-29,15
z03,18,0.0,0.64675,0.44905890511205554,24.1,32.86,637.56615,519.5534697365518,118.01268026344815,0.03908176899799428,2013-11-29,16
z03,18,0.0,0.4758,0.21247293415307278,23.31,25.54,364.55796,350.34352070515945,14.214439294840531,0.06934114360755195,2013-11-29,17
z03,18,0.0,0.20315,0.0804338848890344,23.01,25.84,157.48188000000002,150.65304317292097,6.828836827079044,0.015059244907927758,2013-11-29,18
z03,18,0.0,0.07395,0.026096766750341716,22.66,25.06,55.59561,53.716642793975396,1.8789672060246048,0.0022899319324462017,2013-11-29,19
z03,18,0.0,0.018175,0.007613247465126701,22.74,24.49,13.3531725,12.953477008080847,0.399695491919152,0.00011155061660790256,2013-11-29,20
z03,18,0.0,0.63415,0.3716251758487349,30.98,62.8,1194.7386,839.9852071347975,354.7533928652024,0.06891928329565267,2013-11-30,9
z03,18,0.0,0.803125,0.6110180041809389,33.56,27.93,808.5862500000001,776.1393784061606,32.44687159383943,0.03690509784262476,2013-11-30,10
z03,18,0.0,0.88355,0.8475097916166493,31.61,26.23,837.8704649999999,832.0535753669272,5.816889633072606,0.0012988966203153383,2013-11-30,11
z03,18,0.0,0.913075,0.7198706297371754,29.15,24.78,798.4840875,773.1549945585436,25.329092941456338,0.0373279286886546,2013-11-30,12
z03,18,0.0,0.913175,0.8538810159620408,25.59,25.62,701.866305,701.0978120856341,0.7684929143658792,0.0035157765430937553,2013-11-30,13
z03,18,0.0,0.883775,0.7757364099383518,22.67,22.52,601.0553775,600.5692038447226,0.48617365527741185,0.011672336942508865,2013-11-30,14
z03,18,0.0,0.77595,0.5831824222629014,21.23,21.34,496.76319000000007,494.83868800653244,1.9245019934676293,0.037159339026628366,2013-11-30,15
z03,18,0.0,0.636,0.6672353710032187,19.77,18.98,377.21160000000003,368.6890290217718,8.52257097822826,0.0009756484017087165,2013-11-30,16
z03,18,0.0,0.42935,0.40333665927466844,19.01,17.68,244.85830500000003,243.82037270505927,1.0379322949407594,0.0006766938956921939,2013-11-30,17
z03,18,0.0,0.184725,0.21536904956169742,19.21,19.73,109.33872749999999,97.1488874456344,12.18984005436559,0.0009390577735397677,2013-11-30,18
z03,18,0.0,0.038475,0.058983340090760124,20.1,21.06,24.308505,16.42652026802193,7.8819847319780685,0.0004205920132782789,2013-11-30,19
z03,18,0.0,0.0155,0.015054470644548804,21.38,23.63,10.98795,9.971773231492955,1.0161767685070444,1.9849640656875843e-07,2013-11-30,20
z03,18,0.0,0.176975,0.6002461317711679,38.01,41.24,218.95347,-80.53841594795767,299.4918859479577,0.1791584509908454,2013-12-01,9
z03,18,0.0,0.278275,0.7374948621952034,40.5,27.61,338.104125,236.70837942729904,101.39574557270097,0.21088288183458165,2013-12-01,10
z03,18,0.0,0.5502,0.923486718229382,34.49,27.15,569.2919400000001,458.3697916781392,110.92214832186085,0.139342974006462,2013-12-01,11
z03,18,0.0,0.7973,0.8887612386006342,32.52,36.28,867.78132,722.9142600964591,144.86705990354096,0.008365158166362132,2013-12-01,12
z03,18,0.0,0.918975,1.0,28.08,28.07,774.14454,740.0411174999999,34.10342250000008,0.0065650506250000025,2013-12-01,13
z03,18,0.0,0.8769,0.979581488091429,26.18,25.28,688.71726,651.1666398049643,37.55062019503566,0.010543487996670268,2013-12-01,14
z03,18,0.0,0.781225,0.744435480817473,25.38,26.47,620.3707724999999,596.0277322772686,24.34304022273136,0.001353468721681517,2013-12-01,15
z03,18,0.0,0.56835,0.6367106203984797,24.38,23.94,415.69119,391.59407130953593,24.09711869046407,0.004673174421265035,2013-12-01,16
z03,18,0.0,0.43745,0.32553644110303426,24.44,23.81,320.73834000000005,318.6231737368474,2.1151662631526733,0.012524644664984621,2013-12-01,17
z03,18,0.0,0.195175,0.1863145819507931,23.83,25.11,147.02532749999997,139.8708475530895,7.15447994691047,7.850700800671135e-05,2013-12-01,18
z03,18,0.0,0.070775,0.03922978246743284,23.83,25.01,53.10248250000001,51.71374820065288,1.3887342993471279,0.0009951007491769829,2013-12-01,19
z03,18,0.0,0.023075,0.012559541373491096,23.87,23.43,16.5240075,16.38520344613008,0.13880405386991868,0.00011057487012582049,2013-12-01,20
z03,18,0.0,0.464625,0.3949677712040421,47.88,43.44,667.3873500000001,658.1090071243784,9.27834287562166,0.00485212952353243,2013-12-02,9
z03,18,0.0,0.59565,0.4597811971613391,50.89,37.49,909.378855,854.7595962588584,54.61925874114161,0.018460331584810915,2013-12-02,10
z03,18,0.0,0.76575,0.9088006223985151,44.35,33.14,1018.830375,971.7738727620085,47.05650223799148,0.020463480568602543,2013-12-02,11
z03,18,0.0,0.695525,0.7600412429285945,40.38,28.36,842.558985,826.7460538582014,15.812931141798572,0.004162345601621432,2013-12-02,12
z03,18,0.0,0.8823,0.9751340113010508,31.38,28.33,830.59722,795.3945629146415,35.20265708535851,0.008618153654243637,2013-12-02,13
z03,18,0.0,0.80025,0.8016000140918594,27.9,24.64,669.80925,669.3763004807406,0.4329495192594095,1.822538048219013e-06,2013-12-02,14
z03,18,0.0,0.7375,0.6178126769482283,26.24,23.73,580.56,571.5475445742017,9.012455425798294,0.014325055299299177,2013-12-02,15
z03,18,0.0,0.60745,0.6614506688613817,22.44,21.73,408.93534000000005,391.9089291080064,17.026410891993635,0.0029160722374765953,2013-12-02,16
z03,18,0.0,0.3857,0.3548568089552067,21.92,22.01,254.67771000000002,253.71959661582096,0.9581133841790574,0.000951302433825616,2013-12-02,17
z03,18,0.0,0.2043,0.2326190198493584,21.67,21.48,132.81543000000002,123.77175101110741,9.043678988892609,0.0008019668852283545,2013-12-02,18
z03,18,0.0,0.055625,0.05819522351518276,21.41,22.73,37.9306875,34.80072936689781,3.1299581331021855,6.6060489179984285e-06,2013-12-02,19
z03,18,0.0,0.01735,0.018852941555595477,21.59,23.02,11.981910000000001,10.686391184485359,1.295518815514642,2.258833319535751e-06,2013-12-02,20
z03,18,0.0,0.55135,0.48656181371465246,43.41,29.97,718.023105,691.9005082897478,26.122596710252196,0.004197509082144896,2013-12-03,9
z03,18,0.0,0.69165,0.6018824965767411,45.32,27.85,940.3673399999999,893.32019145587,47.04714854412987,0.008058204670844797,2013-12-03,10
z03,18,0.0,0.5192,0.7732915619028502,38.71,34.75,602.94696,485.5947721351686,117.35218786483136,0.06456252183022995,2013-12-03,11
z03,18,0.0,0.409775,0.7093631958773524,35.28,53.52,657.93474,111.2291259576179,546.7056140423822,0.08975308710904688,2013-12-03,12
z03,18,0.0,0.40625,0.799399826227567,30.62,32.61,397.434375,169.13649018789275,228.29788481210724,0.15456678586276612,2013-12-03,13
z03,18,0.0,0.772175,0.8344018266221394,25.96,25.53,601.36989,577.9414897767645,23.4284002232356,0.003872177951461798,2013-12-03,14
z03,18,0.0,0.730775,0.5863641387752266,23.07,23.6,517.3887,508.06551019347387,9.323189806526102,0.020854496839680735,2013-12-03,15
z03,18,0.0,0.5941,0.6241690839158407,23.38,24.11,429.71252999999996,405.4979993329577,24.214530667042254,0.0009041498075378719,2013-12-03,16
z03,18,0.0,0.329425,0.34888515278205046,22.61,21.28,223.4489775,217.62552677997144,5.823450720028575,0.0003786975463007452,2013-12-03,17
z03,18,0.0,0.1715,0.19667023586383828,22.24,22.72,116.89439999999999,105.6655579193843,11.228842080615692,0.00063354077344125,2013-12-03,18
z03,18,0.0,0.0892,0.04841777497924915,21.82,23.12,61.86912,59.980826775809284,1.8882932241907184,0.0016631898776431567,2013-12-03,19
z03,18,0.0,0.02185,0.014200059320395664,21.86,22.63,14.833965000000001,14.50594362969886,0.32802137030114054,5.852159240146527e-05,2013-12-03,20
z03,18,0.0,0.381675,0.37641248997320703,40.69,33.61,465.9106724999999,464.7929153703091,1.1177571296908013,2.7694011782096386e-05,2013-12-04,9
z03,18,0.0,0.438225,0.8484650289738297,41.16,32.36,541.12023,396.1414037606486,144.9788262393514,0.16829688137244864,2013-12-04,10
z03,18,0.0,0.54925,0.9137820267775822,34.61,62.99,1037.917725,70.67690569998469,967.2408193000153,0.13288359854657192,2013-12-04,11
z03,18,0.0,0.9229,0.7927354717388021,32.77,59.89,1658.17443,1013.2048501933109,644.9695798066891,0.0169428044174602,2013-12-04,12
z03,18,0.0,0.930475,0.9404559037672242,28.35,33.3,929.5445249999999,785.6424439635553,143.90208103644466,9.96184400105894e-05,2013-12-04,13
z03,18,0.0,0.853125,0.8383309161994522,24.68,27.28,698.1975000000001,632.8076885364428,65.3898114635573,0.00021886491549763108,2013-12-04,14
z03,18,0.0,0.603175,0.5617792582175684,23.04,27.54,498.34318499999995,422.50298514062825,75.8401998593717,0.0017136074377177583,2013-12-04,15
z03,18,0.0,0.612625,0.5342645056173709,22.57,23.05,423.6301875,415.9367786191099,7.693408880890104,0.006140367079890038,2013-12-04,16
z03,18,0.0,0.3409,0.33345250538301363,21.37,24.19,247.39113,219.18104804459702,28.210081955402984,5.546517607004066e-05,2013-12-04,17
z03,18,0.0,0.16585,0.2000142022634748,20.52,21.53,107.122515,90.54634321471919,16.57617178528082,0.001167192716299617,2013-12-04,18
z03,18,0.0,0.07005,0.061173344142951454,19.96,21.68,45.56052,42.403975442223704,3.156544557776293,7.879501920447428e-05,2013-12-04,19
z03,18,0.0,0.005975,0.01810241742293577,20.22,24.24,4.34502,-1.5163772455824702,5.86139724558247,0.00014707425335012603,2013-12-04,20
z03,18,0.0,0.60995,0.29328508574946827,34.160000000000004,26.39,625.0767600000001,551.262168488201,73.81459151179911,0.10027666791729661,2013-12-05,9
z03,18,0.0,0.667225,0.43013420152234355,36.93,28.25,739.2185775,677.4801335764182,61.738443923581826,0.056212046722772684,2013-12-05,10
z03,18,0.0,0.46405,0.6063550764346101,33.97,26.77,472.91335499999997,431.1396998126203,41.77365518737969,0.020250734779060208,2013-12-05,11
z03,18,0.0,0.315375,0.7913948595128449,31.33,22.28,296.42096250000003,201.95482137967585,94.46614112032418,0.22659490665062862,2013-12-05,12
z03,18,0.0,0.143275,0.41094771841802413,26.7,21.53,114.76327500000001,49.07638990021692,65.6868850997831,0.07164868418529481,2013-12-05,13
z03,18,0.0,0.19655,0.3294154704619679,22.07,19.64,130.13575500000002,95.83653380024299,34.29922119975703,0.017653233241080063,2013-12-05,14
z03,18,0.0,0.58055,0.3084149739631031,20.75,19.43,361.392375,350.61582796893885,10.77654703106117,0.07405747239610257,2013-12-05,15
z03,18,0.0,0.33415,0.6118309893522804,20.36,13.59,204.09882,175.6920547892617,28.406765210738286,0.07710673184766127,2013-12-05,16
z03,18,0.0,0.36955,0.43577400725539894,19.34,11.19,214.41291,211.39309526915378,3.0198147308462353,0.004385619136963133,2013-12-05,17
z03,18,0.0,0.15165,0.14549456490919085,18.52,13.91,84.25674000000001,83.4054433269411,0.8512966730589113,3.788938115716468e-05,2013-12-05,18
z03,18,0.0,0.09505,0.04820885640419466,18.13,8.950000000000001,54.81977249999989,38.79764405371521,16.022128446284682,0.002194092733362855,2013-12-05,19
z03,18,0.0,0.043975,0.005464115049651228,18.96,15.610000000000005,25.012980000000002,21.142636062489956,3.8703439375100466,0.0014830882596589996,2013-12-05,20
z03,18,0.0,0.613725,0.43985391544778263,44.19,30.94,813.6152324999998,744.5014763904936,69.1137561095062,0.030231154043364312,2013-12-06,9
z03,18,0.0,0.777175,0.7161239573655412,49.1,59.46,1386.3247649999998,1163.75343905079,222.57132594920995,0.0037272298067544947,2013-12-06,10
z03,18,0.0,0.8753,1.0,45.56,47.09,1236.53631,1105.41633,131.11997999999994,0.015550090000000008,2013-12-06,11
z03,18,0.0,0.937125,0.9070101105416676,41.07,29.0,1154.6317124999998,1143.7271110271377,10.904601472862169,0.0009069065670875802,2013-12-06,12
z03,18,0.0,0.143275,1.0,37.09,29.5,159.42209250000002,-122.14057874999988,281.5626712499999,0.733977725625,2013-12-06,13
z03,18,0.0,0.7219,1.0,29.54,25.4,639.7477799999999,551.0616899999999,88.68609000000004,0.07733961,2013-12-06,14
z03,18,0.0,0.7744,0.8975294987912396,28.17,26.67,654.44544,607.9578977313674,46.487542268632524,0.015160873472581868,2013-12-06,15
z03,18,0.0,0.5368,0.5403404608826214,25.14,25.47,410.16888,403.48440163842554,6.684478361574463,1.2534863261372217e-05,2013-12-06,16
z03,18,0.0,0.381025,0.18526679409104127,23.85,24.53,280.39629750000006,276.61685490054276,3.7794425994572975,0.03832127518069429,2013-12-06,17
z03,18,0.0,0.204825,0.2796275621214244,23.17,24.66,151.529535,113.03255250787127,38.49698249212874,0.005595423299929559,2013-12-06,18
z03,18,0.0,0.0396,0.0681502213436504,23.34,23.96,28.464480000000005,17.201453390596104,11.263026609403902,0.0008151151387714305,2013-12-06,19
z03,18,0.0,0.016775,0.03548449936233267,24.04,24.83,12.4956975,4.908069395055561,7.587628104944439,0.0003500453663891264,2013-12-06,20
z03,18,0.0,0.6068,0.7256771268144071,45.06,31.81,820.2722400000001,787.1768478948691,33.095392105131054,0.014131771279648627,2013-12-07,9
z03,18,0.0,0.75725,1.0,48.54,52.51,1192.895925,897.0496499999999,295.8462750000001,0.05892756250000001,2013-12-07,10
z03,18,0.0,0.8077,1.0,44.41,38.48,1076.09871,982.208235,93.89047500000004,0.03697929000000001,2013-12-07,11
z03,18,0.0,0.782425,1.0,42.51,35.67,997.8266025,903.7362937500001,94.09030874999996,0.04733888062499998,2013-12-07,12
z03,18,0.0,0.834525,1.0,38.05,37.41,952.6102874999999,861.3425512499998,91.2677362500001,0.027381975625000013,2013-12-07,13
z03,18,0.0,0.885625,1.0,35.07,48.68,1293.3667500000001,824.89978125,468.4669687500001,0.013081640625000002,2013-12-07,14
z03,18,0.0,0.78875,1.0,31.05,29.55,734.7206249999999,645.8371874999999,88.88343750000001,0.04462656250000002,2013-12-07,15
z03,18,0.0,0.64525,0.554422687226265,29.41,33.410000000000004,646.7340750000001,580.2033525328483,66.5307224671518,0.008249600745697888,2013-12-07,16
z03,18,0.0,0.437525,0.3333233313497129,29.33,30.06,394.560045,387.2602640434412,7.299780956558777,0.01085798774950422,2013-12-07,17
z03,18,0.0,0.18495,0.18995479342953955,27.88,27.62,154.69218,152.63821277651695,2.053967223483056,2.5047957272362252e-05,2013-12-07,18
z03,18,0.0,0.041025,0.041530317070656464,27.19,25.76,33.4640925,33.279677035063926,0.1844154649360732,2.553453418968308e-07,2013-12-07,19
z03,18,0.0,0.0174,0.013567472999953572,27.79,26.21,14.506379999999998,14.324718220197799,0.18166177980219977,1.4688263206084864e-05,2013-12-07,20
z03,18,0.0,0.590925,0.5841789354449052,53.1,39.83,941.343525,938.6579167006167,2.6856082993832615,4.550938698150714e-05,2013-12-08,9
z03,18,0.0,0.7512,0.739233931517612,59.63,66.03,1488.05208,1346.1191651486185,141.93291485138138,0.0001431867949251998,2013-12-08,10
z03,18,0.0,0.844125,0.926725007613465,52.12,39.3,1319.87385,1287.0651269759317,32.808723024068286,0.006822761257744472,2013-12-08,11
z03,18,0.0,0.88885,0.8525515119664441,47.55,38.84,1267.944525,1258.4597300768319,9.484794923168238,0.0013175802335222047,2013-12-08,12
z03,18,0.0,0.90485,1.0,44.26,70.53,1914.5721150000002,1063.30203,851.2700850000001,0.009053522499999992,2013-12-08,13
z03,18,0.0,0.865,1.0,36.67,31.75,951.5865000000001,897.25575,54.33075000000008,0.018225,2013-12-08,14
z03,18,0.0,0.7774,0.74498948096493,32.730000000000004,31.07,763.32906,761.7150161520536,1.614043847946391,0.0010504417441226331,2013-12-08,15
z03,18,0.0,0.6328,0.62997426763232,29.77,34.46,654.18864,565.5512605441327,88.63737945586729,7.984763413754548e-06,2013-12-08,16
z03,18,0.0,0.4314,0.3154162234305911,29.18,28.8,377.64756,376.32534494710876,1.322215052891238,0.013452236427302562,2013-12-08,17
z03,18,0.0,0.19665,0.19433339567851546,26.49,31.09,183.415455,156.59744639636486,26.81800860363515,5.366655582320815e-06,2013-12-08,18
z03,18,0.0,0.06345,0.04138665007758705,25.56,26.86,51.12801,49.51393064697412,1.6140793530258861,0.0004867914097988397,2013-12-08,19
z03,18,0.0,0.031475,0.014075186799174008,25.39,25.92,24.474960000000003,24.25116452989314,0.2237954701068645,0.0003027534994236386,2013-12-08,20
z03,18,0.0,0.130475,0.6161618671370077,54.98,36.53,215.205465,83.48718663244352,131.71827836755648,0.23589173290936138,2013-12-09,9
z03,18,0.0,0.409175,0.6793923532956729,65.61,44.37,805.3791525,711.6272417740663,93.75191072593373,0.07301741802211852,2013-12-09,10
z03,18,0.0,0.685,1.0,56.06,43.71,1152.0330000000001,1003.857,148.17600000000016,0.09922499999999997,2013-12-09,11
z03,18,0.0,0.67695,0.8944497720850074,48.77,49.16,998.36586,828.7888393978185,169.5770206021815,0.04730615085703015,2013-12-09,12
z03,18,0.0,0.6238,1.0,41.49,42.2,789.7308,534.30273,255.42807000000005,0.14152643999999998,2013-12-09,13
z03,18,0.0,0.765575,1.0,34.7,33.94,796.963575,680.2902525000002,116.67332249999981,0.054955080625,2013-12-09,14
z03,18,0.0,0.408825,0.7487389181756103,26.97,31.26,383.396085,149.5212106328557,233.87487436714432,0.11554147176949552,2013-12-09,15
z03,18,0.0,0.19665,0.6625337911484341,25.67,30.56,180.28871999999998,-96.29354094317986,276.58226094317985,0.21704770685483782,2013-12-09,16
z03,18,0.0,0.204275,0.2851529424929743,23.75,23.09,145.5459375,118.3345537482388,27.211383751761204,0.006541241581896855,2013-12-09,17
z03,18,0.0,0.2194,0.25687022972256307,22.93,23.96,157.70472000000004,136.87954438849724,20.8251756115028,0.001404018115461648,2013-12-09,18
z03,18,0.0,0.08545,0.056459651078747626,21.87,22.36,57.31985999999999,56.48990312914241,0.8299568708575791,0.0008404403305759586,2013-12-09,19
z03,18,0.0,0.025175,0.025342419489817202,22.16,41.66,31.463714999999997,16.5827493600417,14.880965639958298,2.802928557065243e-08,2013-12-09,20
z03,18,0.0,0.59985,0.27272117556073755,44.17,40.97,794.8612350000001,763.4568678538308,31.404367146169307,0.1070132677790138,2013-12-10,9
z03,18,0.0,0.777775,0.6026324311296256,55.99,44.55,1306.4286675,1246.3197378636874,60.10892963631272,0.030674919430513835,2013-12-10,10
z03,18,0.0,0.89025,0.8995680260620107,48.02,36.96,1282.49415,1278.874096874909,3.62005312509109,8.682560969231081e-05,2013-12-10,11
z03,18,0.0,0.947075,0.56349219558141,39.33,39.47,1121.4315075,1119.0648402785582,2.3666672214417304,0.14713576784563032,2013-12-10,12
z03,18,0.0,0.9508,0.6157416211991251,34.75,47.04,1341.76896,1114.7450242638827,227.02393573611744,0.11226411720467054,2013-12-10,13
z03,18,0.0,0.924875,0.7266876906773245,31.47000000000001,46.74,1296.859725,963.9640939007179,332.8956310992821,0.03927820957656185,2013-12-10,14
z03,18,0.0,0.835275,0.5931191330390846,25.51,50.82,1273.460265,823.104907283423,450.3553577165769,0.05863946390359256,2013-12-10,15
z03,18,0.0,0.678375,0.42382623170637995,29.59,32.39,659.1769875,623.575584036664,35.60140346333594,0.06479507543979904,2013-12-10,16
z03,18,0.0,0.456275,0.3097828994767266,25.53,27.29,373.55234249999995,357.1958054076288,16.356537092371127,0.021459935515720834,2013-12-10,17
z03,18,0.0,0.211175,0.22489143251531454,24.41,23.5,154.6434525,149.99563934218568,4.647813157814312,0.000188140520947178,2013-12-10,18
z03,18,0.0,0.053,0.06373368652527397,23.86,24.04,38.2236,34.03785168536797,4.185748314632029,0.00011521202642284813,2013-12-10,19
z03,18,0.0,0.019525,0.020659210487268116,25.59,24.05,14.989342500000001,14.606376328973921,0.3829661710260801,1.2864334294289744e-06,2013-12-10,20
z03,18,0.0,0.597425,0.597625766231649,54.72,43.77,980.7328799999999,980.6340427841592,0.09883721584071736,4.0307079770538587e-08,2013-12-11,9
z03,18,0.0,0.73975,0.7649035370609117,67.53,124.33,2759.193525,1430.3186224823557,1328.8749025176444,0.0006327004266746596,2013-12-11,10
z03,18,0.0,0.87665,0.9817010023414325,62.48,75.81,1993.7650950000002,1502.7290647692705,491.0360302307297,0.011035713092939657,2013-12-11,11
z03,18,0.0,0.92315,0.9021401508972022,55.77,45.85,1544.522265,1538.2697339070075,6.252531092992513,0.0004414137593223333,2013-12-11,12
z03,18,0.0,0.943225,1.0,51.38,54.72,1548.39816,1404.4416675,143.95649249999997,0.0032234006250000022,2013-12-11,13
z03,18,0.0,0.91645,1.0,41.77,31.89,1148.403495,1120.8194625,27.58403249999992,0.006980602500000002,2013-12-11,14
z03,18,0.0,0.870425,0.7444097766510418,32.89,31.31,858.8483475,852.8752259132594,5.973121586740604,0.01587983651568782,2013-12-11,15
z03,18,0.0,0.63795,0.681894340268907,31.6,29.44,604.7766,586.7945759619633,17.982024038036684,0.0019311050416694843,2013-12-11,16
z03,18,0.0,0.44015,0.36195196080993286,28.16,27.06,371.83871999999997,369.2581847067278,2.5805352932721917,0.006114933333171274,2013-12-11,17
z03,18,0.0,0.223975,0.2180882834676857,27.14,22.64,182.36044500000003,181.56573826813758,0.7947067318624477,3.465343153182271e-05,2013-12-11,18
z03,18,0.0,0.050775,0.0492368496431541,26.06,24.25,39.695895,39.61237343562326,0.08352156437673841,2.365906520265176e-06,2013-12-11,19
z03,18,0.0,0.01775,0.015872578985222995,26.8,28.82,15.346649999999999,14.384771713495486,0.961878286504513,3.5247096667263126e-06,2013-12-11,20
z03,18,0.0,0.585975,0.5629777776453817,59.7,37.9,1049.481225,1034.4410415800799,15.04018341992014,0.0005288722360277565,2013-12-12,9
z03,18,0.0,0.746,0.7549473349789328,69.02,64.1,1544.6676,1536.7250507392014,7.942549260798614,8.005480322523535e-05,2013-12-12,10
z03,18,0.0,0.854475,0.913831193748449,63.23,40.12,1620.8536275,1605.708894665083,15.144732834916795,0.003523157736303419,2013-12-12,11
z03,18,0.0,0.903225,0.8715808793753594,55.88,40.63,1514.16639,1499.689204814227,14.477185185773124,0.0010013503701067985,2013-12-12,12
z03,18,0.0,0.912625,0.9889180152559184,50.92,42.45,1394.12595,1355.2394001240584,38.88654987594168,0.005820624176839792,2013-12-12,13
z03,18,0.0,0.872925,0.9657448573072207,44.72,33.17,1171.1161799999998,1141.014700275268,30.10147972473169,0.008615525910532822,2013-12-12,14
z03,18,0.0,0.790275,0.7595426588171055,35.96,28.72,852.5486699999999,845.8736054950753,6.675064504924649,0.0009444767945818317,2013-12-12,15
z03,18,0.0,0.62065,0.6680652262671336,32.7,30.5,608.8576500000001,588.7298864496018,20.1277635503983,0.0022482036819634734,2013-12-12,16
z03,18,0.0,0.45855,0.3692721961220324,29.44,30.99,426.31393499999996,409.1427778803255,17.171157119674433,0.007970526265272853,2013-12-12,17
z03,18,0.0,0.204225,0.21467223200198493,28.43,30.13,184.5989775,169.19547158065228,15.403505919347708,0.00010914465650329827,2013-12-12,18
z03,18,0.0,0.041525,0.048685849653613174,27.78,29.85,37.1856375,31.178320185850012,6.0073173141499865,5.127776776165192e-05,2013-12-12,19
z03,18,0.0,0.0177,0.014457564865772363,30.54,31.71,16.83801,16.33054947321139,0.5074605267886092,1.05133855996738e-05,2013-12-12,20
z03,18,0.0,0.571675,0.5851668920627523,59.21,37.2,1015.4663025000001,1012.392174893502,3.0741276064981093,0.00018203115143295724,2013-12-13,9
z03,18,0.0,0.730125,0.7186998571888397,71.79,43.94,1572.4702125000003,1562.9245056812756,9.545706818724739,0.00013053388825540925,2013-12-13,10
z03,18,0.0,0.839675,0.9387935574341387,63.9,45.19,1609.6569749999999,1570.2870839871598,39.36989101284007,0.009824488427824667,2013-12-13,11
z03,18,0.0,0.888675,0.8775792025353034,59.45,42.19,1584.9518625,1579.20645857278,5.745403927219968,0.000123116721377567,2013-12-13,12
z03,18,0.0,0.8919,1.0,54.35,40.43,1454.24295,1411.256985,42.98596500000008,0.011685609999999994,2013-12-13,13
z03,18,0.0,0.866275,1.0,46.49,31.15,1208.1937425,1176.4808587500002,31.712883749999946,0.017882375624999995,2013-12-13,14
z03,18,0.0,0.740375,0.7899898231516456,38.84,33.92,862.6849500000001,841.1025019290342,21.582448070965825,0.0024616306763690643,2013-12-13,15
z03,18,0.0,0.543775,0.6591040659197801,40.26,35.21,656.771445,604.5965755778914,52.1748694221086,0.013300793445928983,2013-12-13,16
z03,18,0.0,0.3446,0.340767155844381,34.22,33.1,353.76635999999996,353.63757643637126,0.12878356362870136,1.4690694321262875e-05,2013-12-13,17
z03,18,0.0,0.2075,0.2075914894248454,31.94,27.16,198.8265,198.7957870000794,0.030712999920609718,8.370314858543744e-09,2013-12-13,18
z03,18,0.0,0.059325,0.043334345224866774,31.11,25.71,55.3680225,52.77753642642841,2.59048607357159,0.00025570104013749115,2013-12-13,19
z03,18,0.0,0.03195,0.014315093667186495,32.83,24.83,31.467554999999997,27.235177480124754,4.232377519875243,0.00031098992136710583,2013-12-13,20
z03,18,0.0,0.24785,0.5763072427090329,52.97,35.32,393.85843499999993,306.80084281997085,87.05759218002908,0.10788416028802053,2013-12-14,9
z03,18,0.0,0.288875,0.6679858589429717,59.17,39.48,512.7820125000001,400.242954022779,112.53905847722109,0.14372504336847777,2013-12-14,10
z03,18,0.0,0.52175,1.0,51.67,35.06,808.7646750000001,676.4089875000001,132.35568750000004,0.22872306249999996,2013-12-14,11
z03,18,0.0,0.567575,0.8336229094058758,44.86,31.77,763.842435,689.2958107844736,74.54662421552644,0.07078149009923707,2013-12-14,12
z03,18,0.0,0.602825,1.0,43.12,34.0,779.81442,631.58871,148.22571000000005,0.15774798062499995,2013-12-14,13
z03,18,0.0,0.42495,1.0,36.97,31.36,471.31204499999996,249.19898249999986,222.1130625000001,0.3306825025000001,2013-12-14,14
z03,18,0.0,0.530725,0.7095684727696223,30.06,27.15,478.607805,413.5803183009653,65.02748669903468,0.03198498775229864,2013-12-14,15
z03,18,0.0,0.614225,0.5956070955350978,27.19,72.04,1327.4630700000002,526.073722957526,801.3893470424742,0.0003466263666642249,2013-12-14,16
z03,18,0.0,0.2682,0.255977887744336,26.02,30.02,241.54092,210.82357347067966,30.717346529320338,0.00014938002799005207,2013-12-14,17
z03,18,0.0,0.15185,0.2544857960684769,25.24,26.85,122.31517500000001,71.16559865836723,51.14957634163278,0.01053410663460997,2013-12-14,18
z03,18,0.0,0.070725,0.05537547920176322,24.58,26.47,56.162722499999994,53.02293282926002,3.1397896707399724,0.00023560778873550327,2013-12-14,19
z03,18,0.0,0.029775,0.025665511074667028,25.21,28.22,25.207514999999997,22.88991934995757,2.3175956500424277,1.688789922743434e-05,2013-12-14,20
z03,18,0.0,0.161625,0.4968417584921582,42.19,31.67,204.56876249999996,98.22124586836274,106.34751663163722,0.11237027517398995,2013-12-15,9
z03,18,0.0,0.267025,0.586560322697748,52.1,36.32,417.360075,318.9112420768239,98.4488329231761,0.10210282245155397,2013-12-15,10
z03,18,0.0,0.49915,0.8810365096401128,43.79,37.91,655.733355,472.2559814434078,183.47737355659217,0.145837306245108,2013-12-15,11
z03,18,0.0,0.73585,0.7612339269447338,41.13,35.85,907.965315,896.3255152994924,11.639799700507638,0.0006443437471355823,2013-12-15,12
z03,18,0.0,0.7028,1.0,38.82,32.96,818.48088,697.6690799999999,120.81180000000006,0.08832784000000002,2013-12-15,13
z03,18,0.0,0.7447,0.8704873891870427,34.84,27.92,778.36044,738.7374124060816,39.62302759391844,0.015822467278492545,2013-12-15,14
z03,18,0.0,0.7971,0.30905110591034296,31.62,28.69,756.1290600000001,713.2295622095191,42.89949779048095,0.2381917230221373,2013-12-15,15
z03,18,0.0,0.694925,0.5902762290311495,32.3,59.37,1237.7309175,758.3675919038035,479.36332559619655,0.010951365265290927,2013-12-15,16
z03,18,0.0,0.282425,0.255631069227835,30.67,28.99,259.8592425,258.5088283890829,1.350414110917086,0.0007179147262235686,2013-12-15,17
z03,18,0.0,0.0668,0.2086362763055526,29.59,58.66,117.55463999999999,-127.35108780429192,244.90572780429193,0.02011752927622506,2013-12-15,18
z03,18,0.0,0.015475,0.0541597281642561,27.65,49.45,22.9571625,-28.507790725548716,51.46495322554871,0.001496508193142389,2013-12-15,19
z03,18,0.0,0.035325,0.02409432164284517,27.08,25.04,28.69803,28.010712484542125,0.6873175154578739,0.00012612813636186593,2013-12-15,20
z03,18,0.0,0.249025,0.7406490699703997,53.1,36.02,396.696825,257.0264267214093,139.6703982785907,0.24169422617426045,2013-12-16,9
z03,18,0.0,0.4505,0.7192993273090238,66.3,53.86,896.0445,729.0394779429034,167.00502205709654,0.0722530783617837,2013-12-16,10
z03,18,0.0,0.468425,1.0,57.53,49.21,808.4547075,482.41318125000015,326.0415262499999,0.282571980625,2013-12-16,11
z03,18,0.0,0.68425,0.9473165920320652,53.13,56.56,1161.0354000000002,853.9056021599463,307.1297978400539,0.06920403184336502,2013-12-16,12
z03,18,0.0,0.819925,1.0,45.6,36.49,1121.6574,1047.7005975000002,73.95680249999987,0.032427005625,2013-12-16,13
z03,18,0.0,0.8393,1.0,42.7,36.89,1075.1433,1000.2249600000002,74.91833999999972,0.025824489999999985,2013-12-16,14
z03,18,0.0,0.762775,0.5532579705026227,35.51,31.4,812.5842074999999,786.7507577629734,25.833449737026513,0.04389738564940486,2013-12-16,15
z03,18,0.0,0.423025,0.5466428262916958,34.7,28.2,440.36902499999997,400.13142254205314,40.23760245794682,0.015281366977083882,2013-12-16,16
z03,18,0.0,0.241025,0.03297062601619304,30.04,26.9,217.21172999999996,197.61300797072533,19.598722029274626,0.043286622533793805,2013-12-16,17
z03,18,0.0,0.122425,0.195389174608864,28.29,26.23,103.9020975,77.44893599555634,26.453161504443656,0.005323770776352795,2013-12-16,18
z03,18,0.0,0.029775,0.02872147184790044,27.24,26.27,24.332129999999996,24.3014723307739,0.030657669226094697,1.1099215672663139e-06,2013-12-16,19
z03,18,0.0,0.038875,0.027814145250902735,27.9,25.96,32.538375,31.89463325360254,0.6437417463974633,0.00012234250778062752,2013-12-16,20
z03,18,0.0,0.553075,0.5083375094000335,49.88,38.66,827.62143,812.5627906640514,15.05863933594867,0.002001443065182087,2013-12-17,9
z03,18,0.0,0.7066,0.4434186458016786,58.89,36.17,1248.35022,1068.965808978424,179.38441102157594,0.06926442519766231,2013-12-17,10
z03,18,0.0,0.8055,1.0,50.68,37.33,1224.6822,1154.72055,69.96164999999996,0.03783025,2013-12-17,11
z03,18,0.0,0.848625,0.7423270945387735,42.03,38.85,1070.0312625000001,1059.890442318999,10.140820181001118,0.011299244705443828,2013-12-17,12
z03,18,0.0,0.85205,1.0,39.66,35.730000000000004,1013.7690899999999,943.1969399999998,70.57215000000008,0.021889202500000007,2013-12-17,13
z03,18,0.0,0.779325,1.0,32.230000000000004,27.46,753.5293425000001,678.4226062500002,75.10673624999993,0.04869745562499998,2013-12-17,14
z03,18,0.0,0.762475,0.7093786520028064,26.78,24.3,612.5724150000001,608.6220467090088,3.950368290991264,0.0028192221706390902,2013-12-17,15
z03,18,0.0,0.613675,0.4584479385385864,24.57,20.53,452.3398425,433.5263226508767,18.81351984912328,0.02409544060994547,2013-12-17,16
z03,18,0.0,0.431575,0.03686696451153441,22.85,19.42,295.84466249999997,255.22920564823693,40.61545685176304,0.15579443327916379,2013-12-17,17
z03,18,0.0,0.148625,0.24019129451067667,21.75,18.91,96.9778125,74.9057572082014,22.072055291798605,0.008384386290415975,2013-12-17,18
z03,18,0.0,0.0691,0.040108281948098436,21.09,18.27,43.71957,41.266870652809125,2.4526993471908725,0.0008405197156009548,2013-12-17,19
z03,18,0.0,0.020325,0.030751812750506535,21.52,18.71,13.12182,10.63502515900419,2.4867948409958096,0.00010871842413412567,2013-12-17,20
z03,18,0.0,0.531525,0.5332521208413407,44.07,31.6,702.7292024999999,702.2336051745774,0.49559732542252277,2.982946400593182e-06,2013-12-18,9
z03,18,0.0,0.6958,0.6446724413990308,54.9,37.12,1145.9826,1118.7111602422428,27.271439757757207,0.0026140272484955376,2013-12-18,10
z03,18,0.0,0.78965,1.0,50.38,34.74,1193.47701,1133.211735,60.265274999999974,0.04424712250000001,2013-12-18,11
z03,18,0.0,0.851675,0.9074702705348539,47.09,39.13,1203.1612725,1177.0741937614291,26.08707873857088,0.0031131122140575346,2013-12-18,12
z03,18,0.0,0.843975,1.0,40.12,36.39,1015.80831,939.3716625,76.43664750000005,0.02434380062499999,2013-12-18,13
z03,18,0.0,0.8264,0.9674736127237599,33.47,25.85,829.78824,791.2116606006878,38.57657939931221,0.019901764206933376,2013-12-18,14
z03,18,0.0,0.74855,0.6909558989656749,27.45,24.4,616.430925,611.1610647553592,5.269860244640768,0.0033170804739520547,2013-12-18,15
z03,18,0.0,0.64535,0.6488598659793895,23.92,23.78,463.10316,461.85856152370854,1.2445984762914577,1.2319159193275919e-05,2013-12-18,16
z03,18,0.0,0.41255,0.32382900389653635,23.1,23.15,286.51597499999997,286.0302314941552,0.48574350584476633,0.007871415149590808,2013-12-18,17
z03,18,0.0,0.195675,0.19329491145301048,22.14,23.0,135.01575,130.0287412845123,4.98700871548769,5.6648214915106445e-06,2013-12-18,18
z03,18,0.0,0.06005,0.050084728280608316,21.67,22.97,41.38045499999999,39.42715059705628,1.9533044029437079,9.930664044130767e-05,2013-12-18,19
z03,18,0.0,0.02865,0.016684669802664285,21.84,22.64,19.45908,19.058647924736057,0.400432075263943,0.0001431691267312739,2013-12-18,20
z03,18,0.0,0.53455,0.5982277608547295,39.36,33.02,631.1966399999999,605.7128001059372,25.483839894062726,0.004054857227472126,2013-12-19,9
z03,18,0.0,0.688125,0.7204400987183688,46.14,58.32,1203.9434999999999,918.329408105325,285.61409189467486,0.0010442656051779205,2013-12-19,10
z03,18,0.0,0.7973,1.0,44.06,50.92,1217.95548,878.19105,339.76443000000006,0.04108729,2013-12-19,11
z03,18,0.0,0.84385,0.8848181871509689,41.22,49.62,1256.15511,1007.8502967225118,248.30481327748817,0.0016783923584368172,2013-12-19,12
z03,18,0.0,0.850475,1.0,34.65,31.28,884.0687624999999,821.4701212499999,62.598641250000014,0.022357725625000005,2013-12-19,13
z03,18,0.0,0.81665,1.0,31.19,25.49,764.139405,709.7119575,54.42744749999997,0.0336172225,2013-12-19,14
z03,18,0.0,0.709525,0.6907390513478862,25.62,22.01,545.340915,543.306396760976,2.0345182390240097,0.00035291186675985646,2013-12-19,15
z03,18,0.0,0.429825,0.6508426971006124,27.06,23.19,348.931935,284.88100638024247,64.05092861975754,0.048848822431658036,2013-12-19,16
z03,18,0.0,0.45665,0.29635946711375183,25.34,23.94,347.14533,340.4131276187776,6.732202381222407,0.025693054932957406,2013-12-19,17
z03,18,0.0,0.242,0.24294356455518734,24.58,23.48,178.4508,178.13404537882357,0.31675462117641473,8.903140698058986e-07,2013-12-19,18
z03,18,0.0,0.081475,0.05407227138581149,24.25,19.12,59.2730625,55.055782566276385,4.217279933723617,0.0007509095355028659,2013-12-19,19
z03,18,0.0,0.030075,0.023092900823577345,24.57,21.17,22.1682825,21.45610838400489,0.7121741159951114,4.8749708909401935e-05,2013-12-19,20
z03,18,0.0,0.477075,0.44173780630363807,36.97,42.17,603.5475825000001,534.6364847166324,68.91109778336772,0.0012487172583342033,2013-12-20,9
z03,18,0.0,0.679075,0.5658832004436317,40.89,65.52,1334.78982,916.6587231922005,418.1310968077995,0.012812383486809052,2013-12-20,10
z03,18,0.0,0.7795,1.0,39.36,55.37,1294.8274499999998,684.34425,610.4831999999998,0.04862025000000001,2013-12-20,11
z03,18,0.0,0.84755,0.8004286187139822,37.76,40.94,1040.9609099999998,964.6000197746861,76.36089022531371,0.0022204245743022723,2013-12-20,12
z03,18,0.0,0.8631,1.0,35.28,38.03,984.7107900000001,829.76331,154.94748000000004,0.018741610000000006,2013-12-20,13
z03,18,0.0,0.833875,1.0,29.64,34.04,851.55315,645.6939750000001,205.85917499999982,0.02759751562499999,2013-12-20,14
z03,18,0.0,0.7571,0.8755742500002005,27.71,33.88,769.5164400000001,558.2038243123795,211.31261568762056,0.01403614791311001,2013-12-20,15
z03,18,0.0,0.5234,0.6442238964638592,26.1,28.31,444.52361999999994,354.5090201988452,90.01459980115476,0.014598413956709385,2013-12-20,16
z03,18,0.0,0.4018,0.35710169128055924,24.59,26.75,322.4445,299.30431040501975,23.140189594980257,0.001997938802378433,2013-12-20,17
z03,18,0.0,0.20205,0.27989465525999774,23.56,26.33,159.599295,108.82974797901099,50.76954702098902,0.006059790352547893,2013-12-20,18
z03,18,0.0,0.069775,0.06707059335479641,23.21,26.24,54.92688,48.83016306404901,6.096716935950987,7.313815302621344e-06,2013-12-20,19
z03,18,0.0,0.02755,0.02445047509430078,23.81,26.66,22.03449,19.943974379437282,2.0905156205627193,9.607054641049778e-06,2013-12-20,20
z03,18,0.0,0.42065,0.49709902255315486,44.29,36.89,558.9176550000001,525.100429873612,33.81722512638805,0.005844453049332776,2013-12-21,9
z03,18,0.0,0.579375,0.6419359746902857,47.99,46.64,834.1261875,791.6253893441544,42.50079815584559,0.003913875554198576,2013-12-21,10
z03,18,0.0,0.80575,1.0,45.31,76.13,1840.2524249999997,783.6304125,1056.6220124999995,0.03773306250000001,2013-12-21,11
z03,18,0.0,0.859625,0.8298483542310393,43.04,39.15,1109.9478,1106.4728654387623,3.47493456123766,0.000886648633250163,2013-12-21,12
z03,18,0.0,0.871275,1.0,41.14,32.58,1075.3276050000002,1028.9479875000002,46.379617499999995,0.016570125624999994,2013-12-21,13
z03,18,0.0,0.84615,1.0,35.09,34.86,890.742105,810.8247225,79.91738250000003,0.023669822500000014,2013-12-21,14
z03,18,0.0,0.6719,0.7600277672802284,33.85,36.3,731.6991,631.0901852683673,100.6089147316327,0.0077665033657980794,2013-12-21,15
z03,18,0.0,0.59225,0.6206372107984557,30.9,29.03,549.01575,537.4508003207092,11.564949679290862,0.0008058337369159559,2013-12-21,16
z03,18,0.0,0.474675,0.31003171830363035,28.09,33.02,470.21305500000005,424.3593638628931,45.85369113710698,0.02710741020775013,2013-12-21,17
z03,18,0.0,0.288625,0.24451728206000098,27.07,25.19,234.39236250000002,231.90468720818407,2.487675291815947,0.0019454907818745133,2013-12-21,18
z03,18,0.0,0.1148,0.05790044821781883,26.94,25.03,92.78136,89.52101568288103,3.260344317118978,0.003237558993013116,2013-12-21,19
z03,18,0.0,0.04425,0.02234256906064193,26.93,24.27,35.749575,34.00136201103922,1.7482129889607805,0.00047993553036274316,2013-12-21,20
z03,18,0.0,0.283075,0.508074626030111,41.32,39.92,350.89977,220.89498607980192,130.00478392019807,0.05062483171368979,2013-12-22,9
z03,18,0.0,0.5712,0.6358475442564907,44.23,37.95,757.9252799999999,727.214464100954,30.710815899045883,0.004179304978394919,2013-12-22,10
z03,18,0.0,0.750975,1.0,39.68,33.3,893.96064,793.4043449999999,100.55629500000009,0.06201345062500003,2013-12-22,11
z03,18,0.0,0.7454,0.8029993898129459,35.87,29.28,802.1249399999999,782.5209876771637,19.60395232283622,0.0033176897068237063,2013-12-22,12
z03,18,0.0,0.808775,1.0,34.160000000000004,28.58,828.8326200000001,762.8599950000001,65.972625,0.03656700062499999,2013-12-22,13
z03,18,0.0,0.655375,1.0,29.85,27.47,586.8883125,457.18869375000014,129.69961874999984,0.11876639062499997,2013-12-22,14
z03,18,0.0,0.3948,0.6967360626383272,27.34,26.45,323.81496,208.0526735844653,115.76228641553467,0.09116538592153586,2013-12-22,15
z03,18,0.0,0.5187,0.7366145074955933,24.77,50.49,785.6748900000001,136.33700075641252,649.3378892435876,0.047486732577046976,2013-12-22,16
z03,18,0.0,0.22565,0.40508115666734235,23.95,23.14,162.129525,102.02905907427368,60.100465925726326,0.03219553998298036,2013-12-22,17
z03,18,0.0,0.20415,0.35689637004947455,22.9,23.72,145.27313999999998,84.02511118478841,61.24802881521157,0.023331453563291017,2013-12-22,18
z03,18,0.0,0.0912,0.09038721207942126,22.37,24.15,66.0744,61.24772287495891,4.826677125041087,6.606242038387243e-07,2013-12-22,19
z03,18,0.0,0.021475,0.035917258704587327,22.28,23.28,14.998140000000003,9.094019379789296,5.904120620210707,0.00020857883649022838,2013-12-22,20
z03,18,0.05,0.504575,0.18094231613447234,35.800000000000004,30.97000000000001,541.9135500000001,495.0191741078852,46.89437589211491,0.10473811406600458,2013-11-23,9
z03,18,0.05,0.508625,0.25591852536814574,40.38,28.35,616.148325,524.9465583053639,91.20176669463615,0.06386056232086,2013-11-23,10
z03,18,0.05,0.655375,0.5546208131439687,35.800000000000004,26.01,703.8727500000002,674.2812453203837,29.59150467961649,0.010151406169020076,2013-11-23,11
z03,18,0.05,0.7322,0.491583005208902,31.17,25.38,684.68022,642.8850480047863,41.79517199521365,0.05789653818229925,2013-11-23,12
z03,18,0.05,0.772925,0.6281004196477877,28.34,31.1,721.139025,669.1323102531632,52.00671474683679,0.02097415907419438,2013-11-23,13
z03,18,0.05,0.858,0.4748447862880115,25.47,25.06,655.5977999999999,650.8849908713424,4.7128091286574545,0.14680791779467955,2013-11-23,14
z03,18,0.05,0.720525,0.4672852189718936,23.59,24.13,521.5880475,514.0180269526553,7.570020547344711,0.06413038669516326,2013-11-23,15
z03,18,0.05,0.636125,0.5087189926026578,23.89,21.87,455.9107875000001,448.1899834517211,7.720804048278978,0.016232290720931616,2013-11-23,16
z03,18,0.05,0.42235,0.2629050407268063,23.01,23.65,299.657325,294.60954821804535,5.047776781954667,0.025422695037630394,2013-11-23,17
z03,18,0.05,0.189625,0.1513147470622252,21.5,22.92,130.38615,123.94014177514919,6.4460082248508,0.001467675480156282,2013-11-23,18
z03,18,0.05,0.0868,0.04260081585025386,21.64,23.11,60.178439999999995,58.299744021003804,1.8786959789961912,0.0019535678795031706,2013-11-23,19
z03,18,0.05,0.0138,0.012657445484589623,21.62,22.24,9.20736,8.971931513986634,0.2354284860133653,1.3054308206846398e-06,2013-11-23,20
z03,18,0.05,0.510075,0.31477002963733713,42.76,178.66,2733.899985,1450.5825741685762,1283.3174108314238,0.0381440314483606,2013-11-24,9
z03,18,0.05,0.729,0.6364449005820219,48.34,69.63,1522.8080999999997,1116.3107419982628,406.497358001737,0.008566446428271816,2013-11-24,10
z03,18,0.05,0.7829,0.8231672665643134,44.91,40.66,1054.80117,1032.8092023659,21.991967634099865,0.0016214527565614671,2013-11-24,11
z03,18,0.05,0.80985,0.7009322255828333,41.52,39.67,1008.7491600000001,1002.7042235198472,6.044936480152842,0.011863081583988803,2013-11-24,12
z03,18,0.05,0.705925,0.6324628854119367,37.2,36.71,787.8123,786.7324069155555,1.0798930844445067,0.005396682279749741,2013-11-24,13
z03,18,0.05,0.396575,0.6209209007000777,32.56,33.99,404.38752750000003,268.1794829580487,136.20804454195132,0.0503310831609291,2013-11-24,14
z03,18,0.05,0.7012,0.4789994240240333,29.29,31.03,652.7470800000001,627.7433100659455,25.003769934054617,0.04937309596405138,2013-11-24,15
z03,18,0.05,0.575125,0.6553889908933188,32.05,30.61,552.9826874999999,517.8631782846282,35.119509215371636,0.006442308234122765,2013-11-24,16
z03,18,0.05,0.31325,0.4305386497133692,29.53,32.51,305.51272499999993,215.06956232508787,90.44316267491206,0.013756627351585426,2013-11-24,17
z03,18,0.05,0.13385,0.18892261093219642,26.84,36.49,146.525595,69.66026597382685,76.86532902617316,0.003032992474889081,2013-11-24,18
z03,18,0.05,0.068075,0.05688481552833798,26.14,26.67,54.4668075,53.562338933099426,0.9044685669005759,0.00012522022850982567,2013-11-24,19
z03,18,0.05,0.02835,0.011563327596688568,25.05,26.1,22.19805,21.83380518070431,0.3642448192956884,0.0002817923703760976,2013-11-24,20
z03,18,0.05,0.465975,0.3293428901460508,38.06,61.21,855.6698925,626.9412552935678,228.72863720643215,0.01866833344314164,2013-11-25,9
z03,18,0.05,0.42,0.7757157535236165,43.09,27.59,542.934,478.4249480984921,64.50905190150786,0.12653369730487432,2013-11-25,10
z03,18,0.05,0.638375,0.8468117913533436,35.02,26.35,670.6767750000001,615.3993379330934,55.277437066906714,0.04344589598967729,2013-11-25,11
z03,18,0.05,0.484475,0.8707743743406311,33.62,24.07,488.64148499999993,404.50548126861054,84.1360037313894,0.14922720661596303,2013-11-25,12
z03,18,0.05,0.7944,1.0,28.16,21.83,671.10912,623.30712,47.80199999999991,0.04227136,2013-11-25,13
z03,18,0.05,0.619825,0.864536218581367,24.48,22.15,455.19947999999994,382.4468347157595,72.75264528424043,0.059883580499577586,2013-11-25,14
z03,18,0.05,0.639475,0.599240704826774,20.76,17.8,398.2650300000001,394.69222458861753,3.5728054113825465,0.001618798508086274,2013-11-25,15
z03,18,0.05,0.635025,0.5700876899015824,20.35,17.61,387.68276249999997,382.34491560991006,5.3378468900899065,0.004216854242818038,2013-11-25,16
z03,18,0.05,0.445975,0.2248908418487669,19.95,17.01,266.9160375,247.4164147510612,19.499622748938805,0.048878204985439454,2013-11-25,17
z03,18,0.05,0.1807,0.18521385167207757,18.48,17.07,100.18007999999999,99.119776242229,1.0603037577709955,2.0374856917517506e-05,2013-11-25,18
z03,18,0.05,0.0534,0.04913238249092494,18.68,15.43,29.92536,29.509267292865182,0.41609270713481905,1.821255920376403e-05,2013-11-25,19
z03,18,0.05,0.01865,0.022443344615462504,19.12,17.06,10.69764,9.844137461520937,0.8535025384790629,1.4389463371658376e-05,2013-11-25,20
z03,18,0.05,0.633025,0.46402656222833905,43.23,27.6,820.9701224999999,741.7267550288681,79.24336747113182,0.028560471969261942,2013-11-26,9
z03,18,0.05,0.794325,0.40694135820383415,49.71,28.02,1184.5768724999998,932.5063367832348,252.070535716765,0.15006608593126008,2013-11-26,10
z03,18,0.05,0.8878,0.6117858095481742,40.08,28.21,1067.49072,969.2020667801048,98.2886532198952,0.07618383333077679,2013-11-26,11
z03,18,0.05,0.92215,0.6124072173371814,34.95,25.99,966.874275,883.6154150202344,83.25885997976559,0.09594059141170609,2013-11-26,12
z03,18,0.05,0.9193,0.845292902231828,31.61,26.38,871.7721899999999,860.1604763601738,11.611713639826121,0.005477050520067776,2013-11-26,13
z03,18,0.05,0.871725,0.7453370593220132,25.97,25.83,679.1609474999999,678.6301181491524,0.5308293508475117,0.0159739115488223,2013-11-26,14
z03,18,0.05,0.765625,0.5204871013750342,24.34,22.8,559.059375,547.7340040835265,11.325370916473503,0.06009258934226402,2013-11-26,15
z03,18,0.05,0.622925,0.6408827605602136,23.09,22.61,431.50014749999997,425.539068882037,5.961078617962983,0.0003224811643379666,2013-11-26,16
z03,18,0.05,0.407775,0.31622377406766405,22.25,20.94,272.1898125,268.5918493208592,3.5979631791408337,0.008381626969713622,2013-11-26,17
z03,18,0.05,0.179075,0.18451785950727312,21.55,20.67,115.77198750000001,114.15627465526599,1.6157128447340199,2.9624719615913245e-05,2013-11-26,18
z03,18,0.05,0.06775,0.0466408372356563,21.36,19.24,43.4142,42.071657248187734,1.3425427518122675,0.00044559675261155487,2013-11-26,19
z03,18,0.05,0.025725,0.014865602245746203,21.79,18.38,16.816432499999998,15.705516109739838,1.1109163902601598,0.00011792651958509244,2013-11-26,20
z03,18,0.05,0.591925,0.4127623505167933,39.44,25.62,700.3656599999999,626.0848255242624,74.28083447573749,0.03209925496984241,2013-11-27,9
z03,18,0.05,0.743825,0.6857609721888978,47.01,26.19,1049.0163974999998,1012.7496057291855,36.26679177081428,0.0033714313256484503,2013-11-27,10
z03,18,0.05,0.84245,0.978295228593009,39.11,29.26,988.446585,948.8952466951454,39.55133830485465,0.01845392613148686,2013-11-27,11
z03,18,0.05,0.8818,0.7857119508002895,35.42,27.55,937.0006800000001,914.3142915839484,22.686388416051727,0.009232913199005982,2013-11-27,12
z03,18,0.05,0.8705,1.0,32.64,26.44,852.3936000000001,813.0774000000001,39.31619999999998,0.016770249999999987,2013-11-27,13
z03,18,0.05,0.8246,0.841938370820445,28.53,27.75,705.7751400000001,698.760902084589,7.014237915411059,0.00030061910270725797,2013-11-27,14
z03,18,0.05,0.745325,0.6740406969785298,26.25,26.4,590.2974,587.2642168635965,3.0331831364035224,0.005081451857256795,2013-11-27,15
z03,18,0.05,0.498075,0.6308281424574307,24.82,28.57,426.9000825,306.5079215366376,120.39216096336241,0.017623396832322887,2013-11-27,16
z03,18,0.05,0.36055,0.2963518007632813,23.71,24.72,267.38388,258.40442043687256,8.97945956312742,0.004121408785237424,2013-11-27,17
z03,18,0.05,0.1861,0.21102996793896778,23.35,24.63,137.50929,120.67401796052019,16.835272039479804,0.0006215033014379619,2013-11-27,18
z03,18,0.05,0.0843,0.05415803106720372,23.36,26.01,65.77929,61.47372653015731,4.305563469842696,0.0009085382911456563,2013-11-27,19
z03,18,0.05,0.027875,0.020435765432853015,24.09,35.76,29.9043,22.74973852195816,7.154561478041838,5.534221094503459e-05,2013-11-27,20
z03,18,0.05,0.560475,0.28777486506756833,38.82,26.82,652.7291849999999,554.5571364243245,98.17204857567538,0.0743653635921664,2013-11-28,9
z03,18,0.05,0.730575,0.638667524482221,42.81,27.01,938.2774725,894.7133291045727,43.56414339542732,0.008446984056051147,2013-11-28,10
z03,18,0.05,0.8349,0.9655392667717635,39.17,25.78,981.09099,956.8116822704678,24.279307729532206,0.017066618022663994,2013-11-28,11
z03,18,0.05,0.79245,0.7722597101470403,34.65,27.75,823.751775,819.5723850004372,4.179389999562773,0.0004076478043465264,2013-11-28,12
z03,18,0.05,0.527975,1.0,31.35,31.1,496.56048749999997,278.1309187499999,218.42956875000004,0.22280760062500002,2013-11-28,13
z03,18,0.05,0.264425,0.737584807772087,29.95,28.32,237.58586250000002,48.15633345844496,189.42952904155504,0.22388020369091832,2013-11-28,14
z03,18,0.05,0.550675,0.6780046565826539,26.19,25.67,432.66534750000005,384.6302345541939,48.035112945806134,0.01621284144545656,2013-11-28,15
z03,18,0.05,0.30755,0.600264204608468,27.26,24.96,251.51439000000002,152.02083185358177,99.49355814641825,0.08568160557956805,2013-11-28,16
z03,18,0.05,0.208175,0.30259348521657503,23.82,27.62,172.493805,104.26242291742817,68.23138208257184,0.008914850350592599,2013-11-28,17
z03,18,0.05,0.061775,0.221793853255677,22.99,21.97,42.60621749999999,-7.679707135596505,50.2859246355965,0.025606033397261887,2013-11-28,18
z03,18,0.05,0.048675,0.06086132723678638,22.41,21.51,32.7242025,28.95679943474749,3.7674030652525055,0.00014850657152204154,2013-11-28,19
z03,18,0.05,0.009025,0.02227362052452092,22.3,21.45,6.037725,1.9439012579230341,4.093823742076966,0.000175525945802757,2013-11-28,20
z03,18,0.05,0.19265,0.32180139005067837,29.96,42.38,244.93521,66.99137737834238,177.94383262165763,0.01668008155202247,2013-11-29,9
z03,18,0.05,0.18885,0.757187477711276,34.22,25.44,193.87340999999998,51.84587431995201,142.02753568004798,0.32300748857121525,2013-11-29,10
z03,18,0.05,0.41845,0.7950148519133018,32.69,28.92,410.37391499999995,268.3148246157068,142.05909038429314,0.14180108769648692,2013-11-29,11
z03,18,0.05,0.473825,0.9733298494108543,34.14,26.57,485.291565,342.9326829179066,142.35888208209337,0.24950509458496026,2013-11-29,12
z03,18,0.05,0.63615,1.0,32.67,27.48,623.490615,501.8373675000001,121.65324749999996,0.1323868225,2013-11-29,13
z03,18,0.05,0.833025,0.7639259079499275,29.34,24.95,733.228605,724.1282545770055,9.100350422994552,0.004774684522144389,2013-11-29,14
z03,18,0.05,0.81265,0.6567028773285714,28.11,29.35,715.538325,691.1089779633771,24.429347036622858,0.024319505069497607,2013-11-29,15
z03,18,0.05,0.64675,0.4505891537676904,24.1,32.86,637.56615,519.151320389851,118.41482961014901,0.03847907759457584,2013-11-29,16
z03,18,0.05,0.4758,0.212814603064957,23.31,25.54,364.55796,350.3206630549543,14.23729694504567,0.0691613190010821,2013-11-29,17
z03,18,0.05,0.20315,0.07858285226760035,23.01,25.84,157.48188000000002,150.8101958424807,6.671684157519309,0.015516974294185477,2013-11-29,18
z03,18,0.05,0.07395,0.024160807695761188,22.66,25.06,55.59561,53.85603184590519,1.7395781540948079,0.002478963670308473,2013-11-29,19
z03,18,0.05,0.018175,0.007466285078180567,22.74,24.49,13.3531725,12.961192533395522,0.3919799666044774,0.00011467657527679821,2013-11-29,20
z03,18,0.05,0.63415,0.33027293454795176,30.98,62.8,1194.7386,879.4600566805252,315.2785433194747,0.09234127090774841,2013-11-30,9
z03,18,0.05,0.803125,0.6272392265207359,33.56,27.93,808.5862500000001,778.8791428593523,29.707107140647736,0.030935805312398982,2013-11-30,10
z03,18,0.05,0.88355,0.8018303820534547,31.61,26.23,837.8704649999999,824.6809186634276,13.18954633657222,0.006678095957329321,2013-11-30,11
z03,18,0.05,0.913075,0.6092936362538356,29.15,24.78,798.4840875,758.6583507128778,39.825736787122196,0.09228311695947944,2013-11-30,12
z03,18,0.05,0.913175,0.8199859287537178,25.59,25.62,701.866305,701.1283176641216,0.7379873358784153,0.008684202999744655,2013-11-30,13
z03,18,0.05,0.883775,0.681728420571583,22.67,22.52,601.0553775,600.1461678925721,0.909209607427897,0.04082282025872361,2013-11-30,14
z03,18,0.05,0.77595,0.5711250675622277,21.23,21.34,496.76319000000007,494.8784772770447,1.8847127229553848,0.041953252948138,2013-11-30,15
z03,18,0.05,0.636,0.6635267826793588,19.77,18.98,377.21160000000003,369.70091734593694,7.510682654063089,0.0007577237646766487,2013-11-30,16
z03,18,0.05,0.42935,0.3900426535850634,19.01,17.68,244.85830500000003,243.2899418780441,1.5683631219559402,0.0015450674821838296,2013-11-30,17
z03,18,0.05,0.184725,0.19954395069783584,19.21,19.73,109.33872749999999,101.95576122553237,7.38296627446762,0.0002196012997848894,2013-11-30,18
z03,18,0.05,0.038475,0.05819666649771494,20.1,21.06,24.308505,16.68635855580476,7.622146444195241,0.0003889441294470918,2013-11-30,19
z03,18,0.05,0.0155,0.014747636544169064,21.38,23.63,10.98795,9.992484533268588,0.995465466731412,5.66050769669869e-07,2013-11-30,20
z03,18,0.05,0.176975,0.5305457362215079,38.01,41.24,218.95347,-34.044767096557,252.998237096557,0.12501226551221914,2013-12-01,9
z03,18,0.05,0.278275,0.7167675354834072,40.5,27.61,338.104125,241.28497316526366,96.81915183473635,0.19227570367466715,2013-12-01,10
z03,18,0.05,0.5502,0.8764349156149978,34.49,27.15,569.2919400000001,472.35123482500353,96.94070517499654,0.1064292201663247,2013-12-01,11
z03,18,0.05,0.7973,0.840462139231928,32.52,36.28,867.78132,751.922699177304,115.85862082269603,0.00186297026307634,2013-12-01,12
z03,18,0.05,0.918975,0.9918868372220032,28.08,28.07,774.14454,743.4559477132589,30.68859228674114,0.005316136007087895,2013-12-01,13
z03,18,0.05,0.8769,0.8443316474205013,26.18,25.28,688.71726,687.8379144803534,0.8793455196465629,0.0010606975897425428,2013-12-01,14
z03,18,0.05,0.781225,0.7340928723011158,25.38,26.47,620.3707724999999,596.3659355757535,24.004836924246433,0.002221437461423927,2013-12-01,15
z03,18,0.05,0.56835,0.6214546195920557,24.38,23.94,415.69119,396.97181159380034,18.719378406199667,0.0028201006220169465,2013-12-01,16
z03,18,0.05,0.43745,0.3179981713047117,24.44,23.81,320.73834000000005,318.48070043765904,2.257639562341012,0.014268739378648504,2013-12-01,17
z03,18,0.05,0.195175,0.1780501900925452,23.83,25.11,147.02532749999997,140.18820020044623,6.837127299553742,0.00029325911436646197,2013-12-01,18
z03,18,0.05,0.070775,0.040146119193492494,23.83,25.01,53.10248250000001,51.68130988055037,1.421172619449635,0.0009381283394592442,2013-12-01,19
z03,18,0.05,0.023075,0.012284176815457161,23.87,23.43,16.5240075,16.381568633964033,0.14243886603596678,0.00011644186500006723,2013-12-01,20
z03,18,0.05,0.464625,0.30144094762437906,47.88,43.44,667.3873500000001,645.6512342235674,21.73611577643271,0.026629034949729402,2013-12-02,9
z03,18,0.05,0.59565,0.48532250765685575,50.89,37.49,909.378855,865.027203078056,44.35165192194404,0.012172155566726555,2013-12-02,10
z03,18,0.05,0.76575,0.8662606812228828,44.35,33.14,1018.830375,985.7673864117329,33.0629885882671,0.010102397039887957,2013-12-02,11
z03,18,0.05,0.695525,0.7033770510459736,40.38,28.36,842.558985,840.6344472886319,1.9245377113680888,6.165470562857574e-05,2013-12-02,12
z03,18,0.05,0.8823,0.9309937170499886,31.38,28.33,830.59722,812.1325624946443,18.464657505355717,0.00237107808014435,2013-12-02,13
z03,18,0.05,0.80025,0.6242454901090666,27.9,24.64,669.80925,652.5960089326667,17.213241067333342,0.03097758750194768,2013-12-02,14
z03,18,0.05,0.7375,0.5998750145800946,26.24,23.73,580.56,570.1968385978812,10.363161402118749,0.01894063661182918,2013-12-02,15
z03,18,0.05,0.60745,0.6560278531568258,22.44,21.73,408.93534000000005,393.61874289965294,15.31659710034711,0.002359807817326123,2013-12-02,16
z03,18,0.05,0.3857,0.35027784508385346,21.92,22.01,254.67771000000002,253.7319598182736,0.9457501817264244,0.0012547290589034839,2013-12-02,17
z03,18,0.05,0.2043,0.21215969762654732,21.67,21.48,132.81543000000002,130.30543556296215,2.509994437037875,6.177484678075346e-05,2013-12-02,18
z03,18,0.05,0.055625,0.05822742917986636,21.41,22.73,37.9306875,34.78911117336321,3.1415763266367875,6.7726376362199015e-06,2013-12-02,19
z03,18,0.05,0.01735,0.018448845099739763,21.59,23.02,11.981910000000001,10.834593559670441,1.1473164403295595,1.207460553222089e-06,2013-12-02,20
z03,18,0.05,0.55135,0.44228423640423764,43.41,29.97,718.023105,674.0477891181886,43.97531588181141,0.011895340788726724,2013-12-03,9
z03,18,0.05,0.69165,0.6100527637386868,45.32,27.85,940.3673399999999,897.6022284754457,42.765111524554186,0.0066581089654845675,2013-12-03,10
z03,18,0.05,0.5192,0.7160803509125735,38.71,34.75,602.94696,512.0177699310278,90.92919006897216,0.03876187257545808,2013-12-03,11
z03,18,0.05,0.409775,0.6848820771215063,35.28,53.52,657.93474,137.58060218641066,520.3541378135894,0.07568390388233841,2013-12-03,12
z03,18,0.05,0.40625,0.7806796303242948,30.62,32.61,397.434375,178.85227186169095,218.58210313830904,0.14019754806478804,2013-12-03,13
z03,18,0.05,0.772175,0.6999864197529142,25.96,25.53,601.36989,600.4386573148125,0.9312326851875241,0.005211191118089938,2013-12-03,14
z03,18,0.05,0.730775,0.5780060545006748,23.07,23.6,517.3887,508.1984037334393,9.190296266560665,0.02333835070897579,2013-12-03,15
z03,18,0.05,0.5941,0.6051318867597237,23.38,24.11,429.71252999999996,412.59125899332685,17.121271006673112,0.00012170252547936873,2013-12-03,16
z03,18,0.05,0.329425,0.33908293953371554,22.61,21.28,223.4489775,220.55883909453564,2.89013840546437,9.327579603690517e-05,2013-12-03,17
z03,18,0.05,0.1715,0.1941739666630141,22.24,22.72,116.89439999999999,106.5342596012711,10.360140398728888,0.0005141087642354737,2013-12-03,18
z03,18,0.05,0.0892,0.048386275802177754,21.82,23.12,61.86912,59.982055243715074,1.8870647562849285,0.0016657600828959012,2013-12-03,19
z03,18,0.05,0.02185,0.013900408862300541,21.86,22.63,14.833965000000001,14.512865555280857,0.32109944471914353,6.31959992565898e-05,2013-12-03,20
z03,18,0.05,0.381675,0.20417064793353262,40.69,33.61,465.9106724999999,428.20874812108224,37.70192437891768,0.0315077950025364,2013-12-04,9
z03,18,0.05,0.438225,0.8673402038072626,41.16,32.36,541.12023,389.4709169745134,151.6493130254866,0.18413985813854855,2013-12-04,10
z03,18,0.05,0.54925,0.813281785429187,34.61,62.99,1037.917725,208.4175114800277,829.5002135199722,0.06971278371692427,2013-12-04,11
z03,18,0.05,0.9229,0.5421351006973218,32.77,59.89,1658.17443,1217.0933120726588,441.0811179273412,0.14498190854097867,2013-12-04,12
z03,18,0.05,0.930475,0.8905952630850188,28.35,33.3,929.5445249999999,797.2911284318748,132.25339656812514,0.0015903934164081188,2013-12-04,13
z03,18,0.05,0.853125,0.7323246833484023,24.68,27.28,698.1975000000001,641.0761746988246,57.12132530117549,0.014592716503126282,2013-12-04,14
z03,18,0.05,0.603175,0.5414935277578766,23.04,27.54,498.34318499999995,425.2415587526866,73.10162624731333,0.0038046040179558387,2013-12-04,15
z03,18,0.05,0.612625,0.5304435934230127,22.57,23.05,423.6301875,415.9917997547086,7.638387745291368,0.006753783586972083,2013-12-04,16
z03,18,0.05,0.3409,0.3152650697614992,21.37,24.19,247.39113,220.71970509817717,26.67142490182283,0.0006571496483328014,2013-12-04,17
z03,18,0.05,0.16585,0.19396566989120026,20.52,21.53,107.122515,92.59135200978518,14.531162990214824,0.0007904908934309449,2013-12-04,18
z03,18,0.05,0.07005,0.059143184615029806,19.96,21.68,45.56052,42.50873167386446,3.0517883261355365,0.00011895862184182254,2013-12-04,19
z03,18,0.05,0.005975,0.017735203098796247,20.22,24.24,4.34502,-1.3607150935797256,5.705735093579726,0.00013830237692493682,2013-12-04,20
z03,18,0.05,0.60995,0.26587005340230546,34.160000000000004,26.39,625.0767600000001,544.8717244480774,80.20503555192272,0.11839100965067231,2013-12-05,9
z03,18,0.05,0.667225,0.4822904593655334,36.93,28.25,739.2185775,691.0616231187848,48.1569543812152,0.03420078431968117,2013-12-05,10
z03,18,0.05,0.46405,0.6434363523022686,33.97,26.77,472.91335499999997,420.2544912816691,52.65886371833085,0.03217946339231362,2013-12-05,11
z03,18,0.05,0.315375,0.719892088638449,31.33,22.28,296.42096250000003,216.14454625969972,80.2764162403003,0.1636340750005268,2013-12-05,12
z03,18,0.05,0.143275,0.3766940047525822,26.7,21.53,114.76327500000001,57.48225123371636,57.281023766283646,0.05448443177968598,2013-12-05,13
z03,18,0.05,0.19655,0.3952409196353217,22.07,19.64,130.13575500000002,78.84369409614168,51.29206090385834,0.03947808154552987,2013-12-05,14
z03,18,0.05,0.58055,0.29189912208098934,20.75,19.43,361.392375,349.9618002344072,11.430574765592837,0.0833193293234156,2013-12-05,15
z03,18,0.05,0.33415,0.6019057307697875,20.36,13.59,204.09882,176.70740874225072,27.39141125774927,0.07169313136006292,2013-12-05,16
z03,18,0.05,0.36955,0.43747343751024476,19.34,11.19,214.41291,211.31560124953282,3.0973087504671923,0.004613593363208126,2013-12-05,17
z03,18,0.05,0.15165,0.1550469289488407,18.52,13.91,84.25674000000001,83.78286841163673,0.4738715883632807,1.1539126283471941e-05,2013-12-05,18
z03,18,0.05,0.09505,0.045573056865467705,18.13,8.950000000000001,54.81977249999989,38.0717448607498,16.74802763925009,0.002447967901937742,2013-12-05,19
z03,18,0.05,0.043975,0.005393228336894544,18.96,15.610000000000005,25.012980000000002,21.135511947857907,3.8774680521420954,0.001488553104664007,2013-12-05,20
z03,18,0.05,0.613725,0.09108674628255461,44.19,30.94,813.6152324999998,605.8665266473154,207.74870585268445,0.27315074424882074,2013-12-06,9
z03,18,0.05,0.777175,0.7258679971365424,49.1,59.46,1386.3247649999998,1160.7249914899623,225.5997735100375,0.002632408542830844,2013-12-06,10
z03,18,0.05,0.8753,0.9449929068020761,45.56,47.09,1236.53631,1145.533003069246,91.00330693075398,0.004857101258522877,2013-12-06,11
z03,18,0.05,0.937125,0.6970528877392614,41.07,29.0,1154.6317124999998,1067.7016006503866,86.93011184961324,0.05763461908533265,2013-12-06,12
z03,18,0.05,0.143275,1.0,37.09,29.5,159.42209250000002,-122.14057874999988,281.5626712499999,0.733977725625,2013-12-06,13
z03,18,0.05,0.7219,0.9539387760127428,29.54,25.4,639.7477799999999,565.7506143295362,73.99716567046369,0.05384199357349183,2013-12-06,14
z03,18,0.05,0.7744,0.8754962632878369,28.17,26.67,654.44544,616.2765457956772,38.16889420432278,0.010220454450763647,2013-12-06,15
z03,18,0.05,0.5368,0.5300685446323037,25.14,25.47,410.16888,404.92120140814023,5.247678591859767,4.531249136728828e-05,2013-12-06,16
z03,18,0.05,0.381025,0.16716825140387526,23.85,24.53,280.39629750000006,276.986065171361,3.41023232863904,0.0457347089201061,2013-12-06,17
z03,18,0.05,0.204825,0.24097721605524047,23.17,24.66,151.529535,128.19315075233195,23.336384247668065,0.0013069827257047866,2013-12-06,18
z03,18,0.05,0.0396,0.06856604080880443,23.34,23.96,28.464480000000005,17.04814075379381,11.416339246206196,0.0008390315201373237,2013-12-06,19
z03,18,0.05,0.016775,0.03468679013463637,24.04,24.83,12.4956975,5.214629051259248,7.281068448740752,0.0003208322258272566,2013-12-06,20
z03,18,0.05,0.6068,0.5565824894173695,45.06,31.81,820.2722400000001,800.3107795434046,19.961460456595546,0.0025217983691166027,2013-12-07,9
z03,18,0.05,0.75725,1.0,48.54,52.51,1192.895925,897.0496499999999,295.8462750000001,0.05892756250000001,2013-12-07,10
z03,18,0.05,0.8077,1.0,44.41,38.48,1076.09871,982.208235,93.89047500000004,0.03697929000000001,2013-12-07,11
z03,18,0.05,0.782425,1.0,42.51,35.67,997.8266025,903.7362937500001,94.09030874999996,0.04733888062499998,2013-12-07,12
z03,18,0.05,0.834525,1.0,38.05,37.41,952.6102874999999,861.3425512499998,91.2677362500001,0.027381975625000013,2013-12-07,13
z03,18,0.05,0.885625,1.0,35.07,48.68,1293.3667500000001,824.89978125,468.4669687500001,0.013081640625000002,2013-12-07,14
z03,18,0.05,0.78875,1.0,31.05,29.55,734.7206249999999,645.8371874999999,88.88343750000001,0.04462656250000002,2013-12-07,15
z03,18,0.05,0.64525,0.5304472513190117,29.41,33.410000000000004,646.7340750000001,583.0804048417185,63.65367015828156,0.013179671104710156,2013-12-07,16
z03,18,0.05,0.437525,0.33915677874297995,29.33,30.06,394.560045,387.13251154552876,7.427533454471245,0.00967630695327005,2013-12-07,17
z03,18,0.05,0.18495,0.18324424069712622,27.88,27.62,154.69218,154.6788750774376,0.013304922562412003,2.909614799340453e-06,2013-12-07,18
z03,18,0.05,0.041025,0.04257514862819759,27.19,25.76,33.4640925,32.89836575813929,0.5657267418607077,2.4029607695028775e-06,2013-12-07,19
z03,18,0.05,0.0174,0.013270922499372107,27.79,26.21,14.506379999999998,14.310661726470236,0.1957182735297618,1.7049281006191476e-05,2013-12-07,20
z03,18,0.05,0.590925,0.509819214176701,53.1,39.83,941.343525,909.0553116637446,32.28821333625535,0.006578148494014863,2013-12-08,9
z03,18,0.05,0.7512,0.7124565313684044,59.63,66.03,1488.05208,1351.2604259772663,136.7916540227336,0.0015010563616074332,2013-12-08,10
z03,18,0.05,0.844125,0.8598365043506837,52.12,39.3,1319.87385,1313.6332404719083,6.240609528091682,0.0002468513689615526,2013-12-08,11
z03,18,0.05,0.88885,0.76980839411458,47.55,38.84,1267.944525,1236.8389533821396,31.105571617860505,0.014170903931779664,2013-12-08,12
z03,18,0.05,0.90485,1.0,44.26,70.53,1914.5721150000002,1063.30203,851.2700850000001,0.009053522499999992,2013-12-08,13
z03,18,0.05,0.865,0.8628509526669627,36.67,31.75,951.5865000000001,951.2693006136437,0.31719938635637845,4.618404439634882e-06,2013-12-08,14
z03,18,0.05,0.7774,0.7347711135581843,32.730000000000004,31.07,763.32906,761.2061414551977,2.12291854480236,0.0018172219592692209,2013-12-08,15
z03,18,0.05,0.6328,0.6160272263674839,29.77,34.46,654.18864,567.5136092500951,86.67503074990486,0.00028132593532762966,2013-12-08,16
z03,18,0.05,0.4314,0.3037356553070381,29.18,28.8,377.64756,376.19218647050025,1.4553735294997523,0.01629818490588339,2013-12-08,17
z03,18,0.05,0.19665,0.1825237901736854,26.49,31.09,183.415455,158.2271719560314,25.188283043968596,0.0001995498040570672,2013-12-08,18
z03,18,0.05,0.06345,0.04241829802289401,25.56,26.86,51.12801,49.47369637710714,1.6543136228928645,0.00044233248805380416,2013-12-08,19
z03,18,0.05,0.031475,0.013764303329250266,25.39,25.92,24.474960000000003,24.256107577064924,0.218852422935079,0.00031366877656330587,2013-12-08,20
z03,18,0.05,0.130475,0.4264237336630532,54.98,36.53,215.205465,134.94416843057994,80.26129656942007,0.08758565295676479,2013-12-09,9
z03,18,0.05,0.409175,0.6785916327641135,65.61,44.37,805.3791525,711.9050517624908,93.47410073750927,0.07258532200995318,2013-12-09,10
z03,18,0.05,0.685,0.9977618405324702,56.06,43.71,1152.0330000000001,1004.909830213526,147.12316978647414,0.09781996889325828,2013-12-09,11
z03,18,0.05,0.67695,0.7646188347030554,48.77,49.16,998.36586,925.2856836069543,73.08017639304569,0.007685824578191635,2013-12-09,12
z03,18,0.05,0.6238,1.0,41.49,42.2,789.7308,534.30273,255.42807000000005,0.14152643999999998,2013-12-09,13
z03,18,0.05,0.765575,0.8881060453781341,34.7,33.94,796.963575,735.9798737153028,60.98370128469719,0.015013857081458354,2013-12-09,14
z03,18,0.05,0.408825,0.7257204662660135,26.97,31.26,383.396085,161.79580011364828,221.60028488635174,0.10042273653995411,2013-12-09,15
z03,18,0.05,0.19665,0.6384786531598202,25.67,30.56,180.28871999999998,-83.50222131773438,263.79094131773434,0.1952125587530207,2013-12-09,16
z03,18,0.05,0.204275,0.27175324945111845,23.75,23.09,145.5459375,122.84288047217119,22.70305702782882,0.004553314148987366,2013-12-09,17
z03,18,0.05,0.2194,0.23587516288053484,22.93,23.96,157.70472000000004,144.74954519423156,12.955174805768479,0.0002714309919401526,2013-12-09,18
z03,18,0.05,0.08545,0.0578600529522603,21.87,22.36,57.31985999999999,56.46931722160177,0.8505427783982213,0.0007612051780970804,2013-12-09,19
z03,18,0.05,0.025175,0.024771805564358974,22.16,41.66,31.463714999999997,16.972208744849997,14.49150625515,1.625657529318853e-07,2013-12-09,20
z03,18,0.05,0.59985,0.15631855648628698,44.17,40.97,794.8612350000001,752.2822164226835,42.57901857731656,0.19672014138535798,2013-12-10,9
z03,18,0.05,0.777775,0.6793465728031617,55.99,44.55,1306.4286675,1272.6480312860451,33.78063621395495,0.0096881552804433,2013-12-10,10
z03,18,0.05,0.89025,0.9370405584996663,48.02,36.96,1282.49415,1264.3160180228797,18.1781319771203,0.0021893563647106934,2013-12-10,11
z03,18,0.05,0.947075,0.46206009715930246,39.33,39.47,1121.4315075,1119.4908550919308,1.940652408069127,0.23523945597757126,2013-12-10,12
z03,18,0.05,0.9508,0.581255828503866,34.75,47.04,1341.76896,1127.4599360306247,214.3090239693754,0.13656289468676405,2013-12-10,13
z03,18,0.05,0.924875,0.4418279969614384,31.47000000000001,46.74,1296.859725,1094.4583195919654,202.40140540803463,0.23333440714453615,2013-12-10,14
z03,18,0.05,0.835275,0.577712989973104,25.51,50.82,1273.460265,834.802791713422,438.6574732865779,0.06633818900909484,2013-12-10,15
z03,18,0.05,0.678375,0.43157828029673156,29.59,32.39,659.1769875,622.9244119550744,36.25257554492555,0.06090862085629362,2013-12-10,16
z03,18,0.05,0.456275,0.32436746171108627,25.53,27.29,373.55234249999995,356.4257405216547,17.126601978345263,0.01739959865744124,2013-12-10,17
z03,18,0.05,0.211175,0.22898481456024875,24.41,23.5,154.6434525,148.60859683625972,6.034855663740274,0.00031718949467044816,2013-12-10,18
z03,18,0.05,0.053,0.06259233259624734,23.86,24.04,38.2236,34.45250556778334,3.771094432216657,9.201284463702933e-05,2013-12-10,19
z03,18,0.05,0.019525,0.020227539943786337,25.59,24.05,14.989342500000001,14.752129887980544,0.23721261201945687,4.935623726153079e-07,2013-12-10,20
z03,18,0.05,0.597425,0.5035675088537626,54.72,43.77,980.7328799999999,949.900694158461,30.832185841538944,0.008809228644266037,2013-12-11,9
z03,18,0.05,0.73975,0.7595944137340753,67.53,124.33,2759.193525,1444.743245105204,1314.450279894796,0.0003938007564491566,2013-12-11,10
z03,18,0.05,0.87665,0.9324421470950969,62.48,75.81,1993.7650950000002,1568.593080119146,425.17201488085425,0.0031127636774809222,2013-12-11,11
z03,18,0.05,0.92315,0.8456651743823654,55.77,45.85,1544.522265,1521.462780896192,23.059484103808018,0.006003898200995242,2013-12-11,12
z03,18,0.05,0.943225,1.0,51.38,54.72,1548.39816,1404.4416675,143.95649249999997,0.0032234006250000022,2013-12-11,13
z03,18,0.05,0.91645,0.8407130398313933,41.77,31.89,1148.403495,1125.955060006025,22.44843499397507,0.00573608713558111,2013-12-11,14
z03,18,0.05,0.870425,0.7298637013309633,32.89,31.31,858.8483475,852.1857419430877,6.662605556912354,0.019757478683526127,2013-12-11,15
z03,18,0.05,0.63795,0.663574577250053,31.6,29.44,604.7766,594.2910229892783,10.485577010721727,0.0006566189592439318,2013-12-11,16
z03,18,0.05,0.44015,0.35371759756535553,28.16,27.06,371.83871999999997,368.98645071965666,2.8522692803433074,0.007470560190624332,2013-12-11,17
z03,18,0.05,0.223975,0.20882932771157658,27.14,22.64,182.36044500000003,180.31577924106287,2.044665758937157,0.0002293913890683172,2013-12-11,18
z03,18,0.05,0.050775,0.0498695145253144,26.06,24.25,39.695895,39.64672713872457,0.04916786127542849,8.19903944866608e-07,2013-12-11,19
z03,18,0.05,0.01775,0.01552849585479288,26.8,28.82,15.346649999999999,14.405623151199551,0.9410268488004476,4.935080667172408e-06,2013-12-11,20
z03,18,0.05,0.585975,0.49961411253840976,59.7,37.9,1049.481225,993.00120460012,56.480020399880004,0.007458202883153458,2013-12-12,9
z03,18,0.05,0.746,0.7494012982115543,69.02,64.1,1544.6676,1541.6482675776028,3.019332422397156,1.1568829523922661e-05,2013-12-12,10
z03,18,0.05,0.854475,0.877346636536166,63.23,40.12,1620.8536275,1615.0179294377974,5.835698062202482,0.0005231117578424823,2013-12-12,11
z03,18,0.05,0.903225,0.8813302321075897,55.88,40.63,1514.16639,1504.1495336892224,10.016856310777712,0.0004793808610625207,2013-12-12,12
z03,18,0.05,0.912625,0.9613571133043876,50.92,42.45,1394.12595,1369.2871918487538,24.83875815124634,0.002374818867111665,2013-12-12,13
z03,18,0.05,0.872925,0.79743879343864,44.72,33.17,1171.1161799999998,1144.9602094264885,26.15597057351124,0.005698167381024303,2013-12-12,14
z03,18,0.05,0.790275,0.7487476076188695,35.96,28.72,852.5486699999999,843.5289203748184,9.019749625181475,0.0017245243179763719,2013-12-12,15
z03,18,0.05,0.62065,0.6516362453276285,32.7,30.5,608.8576500000001,595.7039888584218,13.153661141578368,0.0009601473995039792,2013-12-12,16
z03,18,0.05,0.45855,0.3634857800805167,29.44,30.99,426.31393499999996,409.411846226256,16.90208877374397,0.00903720590889989,2013-12-12,17
z03,18,0.05,0.204225,0.20721125782418595,28.43,30.13,184.5989775,172.7577137018424,11.841263798157598,8.917735792511874e-06,2013-12-12,18
z03,18,0.05,0.041525,0.04927039461056915,27.78,29.85,37.1856375,30.898440060459492,6.287197439540506,5.999113767343369e-05,2013-12-12,19
z03,18,0.05,0.0177,0.014147367734773389,30.54,31.71,16.83801,16.341437392509455,0.49657260749054544,1.2621196011929164e-05,2013-12-12,20
z03,18,0.05,0.571675,0.5180596252591407,59.21,37.2,1015.4663025000001,980.0640705586106,35.40223194138946,0.0028746084086027747,2013-12-13,9
z03,18,0.05,0.730125,0.7001198645352222,71.79,43.94,1572.4702125000003,1547.4009218191782,25.069290680822178,0.0009003081542596658,2013-12-13,10
z03,18,0.05,0.839675,0.8920056356090571,63.9,45.19,1609.6569749999999,1588.8712465360823,20.78572846391762,0.0027384954232479203,2013-12-13,11
z03,18,0.05,0.888675,0.8477463449878694,59.45,42.19,1584.9518625,1563.7590049347189,21.1928575652812,0.001675154801102004,2013-12-13,12
z03,18,0.05,0.8919,1.0,54.35,40.43,1454.24295,1411.256985,42.98596500000008,0.011685609999999994,2013-12-13,13
z03,18,0.05,0.866275,0.8384755549383993,46.49,31.15,1208.1937425,1195.4004378826514,12.793304617348667,0.0007728091457329557,2013-12-13,14
z03,18,0.05,0.740375,0.7805582825740374,38.84,33.92,862.6849500000001,845.2052220802939,17.479727919706193,0.0016146961984249346,2013-12-13,15
z03,18,0.05,0.543775,0.6444201261467195,40.26,35.21,656.771445,611.239589931224,45.53185506877594,0.010129441417089081,2013-12-13,16
z03,18,0.05,0.3446,0.3349086785396173,34.22,33.1,353.76635999999996,353.44073159893117,0.32562840106879776,9.39217116484744e-05,2013-12-13,17
z03,18,0.05,0.2075,0.1961143793319945,31.94,27.16,198.8265,197.193801996208,1.632698003792001,0.00012963235799571393,2013-12-13,18
z03,18,0.05,0.059325,0.04452466274244372,31.11,25.71,55.3680225,52.970367864275886,2.397654635724116,0.0002190499829374087,2013-12-13,19
z03,18,0.05,0.03195,0.013998901354943223,32.83,24.83,31.467554999999997,27.159291325186373,4.308263674813624,0.00032224194256455925,2013-12-13,20
z03,18,0.05,0.24785,0.3965108641504926,52.97,35.32,393.85843499999993,354.455872956912,39.402562043087926,0.022100052529971215,2013-12-14,9
z03,18,0.05,0.288875,0.6758134096577552,59.17,39.48,512.7820125000001,397.91934559309544,114.86266690690462,0.14972133286847275,2013-12-14,10
z03,18,0.05,0.52175,0.9375369777076823,51.67,35.06,808.7646750000001,693.695628919399,115.06904608060108,0.17287881083128864,2013-12-14,11
z03,18,0.05,0.567575,0.7476726918428016,44.86,31.77,763.842435,713.379061745647,50.46337325435297,0.03243517860710471,2013-12-14,12
z03,18,0.05,0.602825,1.0,43.12,34.0,779.81442,631.58871,148.22571000000005,0.15774798062499995,2013-12-14,13
z03,18,0.05,0.42495,0.7971936353053377,36.97,31.36,471.31204499999996,327.5329408633133,143.77910413668667,0.13856532402533328,2013-12-14,14
z03,18,0.05,0.530725,0.6883104158592316,30.06,27.15,478.607805,421.30974779358337,57.298057206416615,0.024833163291526957,2013-12-14,15
z03,18,0.05,0.614225,0.5664965083280554,27.19,72.04,1327.4630700000002,565.2420180446015,762.2210519553987,0.0022780089172788846,2013-12-14,16
z03,18,0.05,0.2682,0.24775161964750095,26.02,30.02,241.54092,211.81072564229987,29.730194357700128,0.00041813625904046903,2013-12-14,17
z03,18,0.05,0.15185,0.23834711058324323,25.24,26.85,122.31517500000001,78.05520349201348,44.259971507986535,0.007481750139249806,2013-12-14,18
z03,18,0.05,0.070725,0.05703723928118283,24.58,26.47,56.162722499999994,52.92871103275693,3.2340114672430644,0.00018735479349559422,2013-12-14,19
z03,18,0.05,0.029775,0.025085374670939332,25.21,28.22,25.207514999999997,22.94230566721418,2.265209332785819,2.1992585726967368e-05,2013-12-14,20
z03,18,0.05,0.161625,0.30493065070357867,42.19,31.67,204.56876249999996,159.10504481428964,45.46371768571032,0.0205365095235761,2013-12-15,9
z03,18,0.05,0.267025,0.6441620921727635,52.1,36.32,417.360075,301.1641369015716,116.19593809842837,0.14223238629252755,2013-12-15,10
z03,18,0.05,0.49915,0.7088625640285175,43.79,37.91,655.733355,554.9769536124986,100.75640138750134,0.04397935951141508,2013-12-15,11
z03,18,0.05,0.73585,0.5907112659955885,41.13,35.85,907.965315,884.9753395337012,22.9899754662988,0.021065252108403303,2013-12-15,12
z03,18,0.05,0.7028,1.0,38.82,32.96,818.48088,697.6690799999999,120.81180000000006,0.08832784000000002,2013-12-15,13
z03,18,0.05,0.7447,0.6903995536874051,34.84,27.92,778.36044,767.0876673455053,11.272772654494702,0.0029485384697470005,2013-12-15,14
z03,18,0.05,0.7971,0.28801415610184405,31.62,28.69,756.1290600000001,711.3804143213522,44.748645678647904,0.2591683964574977,2013-12-15,15
z03,18,0.05,0.694925,0.5293639529369435,32.3,59.37,1237.7309175,807.8344513199082,429.8964661800918,0.027410460304615615,2013-12-15,16
z03,18,0.05,0.282425,0.23928010845278602,30.67,28.99,259.8592425,257.6847399660204,2.1745025339795916,0.0018614816666208546,2013-12-15,17
z03,18,0.05,0.0668,0.20013745496597266,29.59,58.66,117.55463999999999,-116.16706386247171,233.7217038624717,0.017778876896802787,2013-12-15,18
z03,18,0.05,0.015475,0.05428003938843368,27.65,49.45,22.9571625,-28.636373346388517,51.59353584638852,0.0015058310819378899,2013-12-15,19
z03,18,0.05,0.035325,0.023562705892112155,27.08,25.04,28.69803,27.978177600597263,0.7198523994027362,0.00013835156268045317,2013-12-15,20
z03,18,0.05,0.249025,0.481216291097196,53.1,36.02,396.696825,330.7312791992866,65.96554580071341,0.05391279566138281,2013-12-16,9
z03,18,0.05,0.4505,0.6875924011591982,66.3,53.86,896.0445,748.7389911597901,147.30550884020988,0.05621280668743415,2013-12-16,10
z03,18,0.05,0.468425,0.9620157396195884,57.53,49.21,808.4547075,505.7108273543254,302.74388014567467,0.24363181823821234,2013-12-16,11
z03,18,0.05,0.68425,0.7090527562779897,53.13,56.56,1161.0354000000002,1068.3073147632513,92.72808523674894,0.0006151767189853559,2013-12-16,12
z03,18,0.05,0.819925,1.0,45.6,36.49,1121.6574,1047.7005975000002,73.95680249999987,0.032427005625,2013-12-16,13
z03,18,0.05,0.8393,1.0,42.7,36.89,1075.1433,1000.2249600000002,74.91833999999972,0.025824489999999985,2013-12-16,14
z03,18,0.05,0.762775,0.5259170239443985,35.51,31.4,812.5842074999999,783.3796190523443,29.204588447655624,0.05610170082115586,2013-12-16,15
z03,18,0.05,0.423025,0.48327808621678436,34.7,28.2,440.36902499999997,420.7566454364367,19.612379563563252,0.0036304343986472516,2013-12-16,16
z03,18,0.05,0.241025,0.007278783973344111,30.04,26.9,217.21172999999996,195.19283645028898,22.01889354971098,0.05463729350678008,2013-12-16,17
z03,18,0.05,0.122425,0.14915013228212665,28.29,26.23,103.9020975,94.21290079111498,9.68919670888502,0.0007142326954971674,2013-12-16,18
z03,18,0.05,0.029775,0.033351731596637756,27.24,26.27,24.332129999999996,22.97476035907597,1.357369640924027,1.2793008914386872e-05,2013-12-16,19
z03,18,0.05,0.038875,0.027138599666257323,27.9,25.96,32.538375,31.855316500576176,0.6830584994238258,0.00013774309279387522,2013-12-16,20
z03,18,0.05,0.553075,0.27077967592740004,49.88,38.66,827.62143,732.6008239171629,95.02060608283716,0.07969064999325422,2013-12-17,9
z03,18,0.05,0.7066,0.4075251511610714,58.89,36.17,1248.35022,1044.5008030313863,203.8494169686137,0.089445765208028,2013-12-17,10
z03,18,0.05,0.8055,0.806727878145335,50.68,37.33,1224.6822,1224.240532231123,0.44166776887686865,1.5076847397912749e-06,2013-12-17,11
z03,18,0.05,0.848625,0.6163936761281974,42.03,38.85,1070.0312625000001,1047.87639420263,22.154868297370058,0.053931387787250054,2013-12-17,12
z03,18,0.05,0.85205,1.0,39.66,35.730000000000004,1013.7690899999999,943.1969399999998,70.57215000000008,0.021889202500000007,2013-12-17,13
z03,18,0.05,0.779325,0.7699281080144416,32.230000000000004,27.46,753.5293425000001,752.1846472568667,1.3446952431334012,8.830157898825332e-05,2013-12-17,14
z03,18,0.05,0.762475,0.6878609996947646,26.78,24.3,612.5724150000001,607.0211333772905,5.551281622709553,0.005567249041549678,2013-12-17,15
z03,18,0.05,0.613675,0.4295007689044745,24.57,20.53,452.3398425,430.01792569122233,22.321916808777644,0.03392014739962803,2013-12-17,16
z03,18,0.05,0.431575,0.023690816931312704,22.85,19.42,295.84466249999997,253.8733800622321,41.97128243776788,0.1663695067976104,2013-12-17,17
z03,18,0.05,0.148625,0.1940357935493413,21.75,18.91,96.9778125,86.0315407149313,10.946271785068703,0.0020621401707808973,2013-12-17,18
z03,18,0.05,0.0691,0.04448255802334058,21.09,18.27,43.71957,41.63693440877461,2.08263559122539,0.000606018449474193,2013-12-17,19
z03,18,0.05,0.020325,0.03001721701598572,21.52,18.71,13.12182,10.810226241687404,2.311593758312595,9.393907068496311e-05,2013-12-17,20
z03,18,0.05,0.531525,0.38225271428521884,44.07,31.6,702.7292024999999,646.8864404141004,55.842762085899494,0.022282215282515266,2013-12-18,9
z03,18,0.05,0.6958,0.6512694925269449,54.9,37.12,1145.9826,1122.2300273138721,23.752572686127905,0.0019829660958078153,2013-12-18,10
z03,18,0.05,0.78965,0.9441935394505303,50.38,34.74,1193.47701,1149.2002859474228,44.276724052577265,0.023883705585897627,2013-12-18,11
z03,18,0.05,0.851675,0.7995744557887854,47.09,39.13,1203.1612725,1190.7196625423621,12.441609957637866,0.002714466707104724,2013-12-18,12
z03,18,0.05,0.843975,1.0,40.12,36.39,1015.80831,939.3716625,76.43664750000005,0.02434380062499999,2013-12-18,13
z03,18,0.05,0.8264,0.831487699402833,33.47,25.85,829.78824,828.3970085982953,1.3912314017046583,2.58846852135866e-05,2013-12-18,14
z03,18,0.05,0.74855,0.6706100032789891,27.45,24.4,616.430925,609.2994153000276,7.131509699972412,0.0060746430888711945,2013-12-18,15
z03,18,0.05,0.64535,0.647318404927984,23.92,23.78,463.10316,462.40516361253685,0.6979963874631494,3.8746179605117045e-06,2013-12-18,16
z03,18,0.05,0.41255,0.31137896411774507,23.1,23.15,286.51597499999997,286.0489065538234,0.46706844617659726,0.010235578501488509,2013-12-18,17
z03,18,0.05,0.195675,0.17849544250020472,22.14,23.0,135.01575,130.4105675834947,4.605182416505301,0.000295137195888772,2013-12-18,18
z03,18,0.05,0.06005,0.04930379930898788,21.67,22.97,41.38045499999999,39.45760682694948,1.922848173050511,0.00011548082929150936,2013-12-18,19
z03,18,0.05,0.02865,0.016331188389105574,21.84,22.64,19.45908,19.067131478661462,0.39194852133853786,0.00015175311950470729,2013-12-18,20
z03,18,0.05,0.53455,0.4269431331575053,39.36,33.02,631.1966399999999,610.7298139265574,20.466826073442462,0.011579237791658375,2013-12-19,9
z03,18,0.05,0.688125,0.725024663202038,46.14,58.32,1203.9434999999999,913.481231163845,290.46226883615486,0.0013615851444238349,2013-12-19,10
z03,18,0.05,0.7973,0.952652606829705,44.06,50.92,1217.95548,919.2270356606947,298.7284443393054,0.024134432448784895,2013-12-19,11
z03,18,0.05,0.84385,0.746664873700539,41.22,49.62,1256.15511,1067.995561827464,188.159548172536,0.00944494877384218,2013-12-19,12
z03,18,0.05,0.850475,1.0,34.65,31.28,884.0687624999999,821.4701212499999,62.598641250000014,0.022357725625000005,2013-12-19,13
z03,18,0.05,0.81665,0.8546458078359231,31.19,25.49,764.139405,752.8603494439063,11.279055556093681,0.0014436814131043995,2013-12-19,14
z03,18,0.05,0.709525,0.6700486252802994,25.62,22.01,545.340915,541.0656236178564,4.275291382143564,0.0015583841610102133,2013-12-19,15
z03,18,0.05,0.429825,0.6210597118182436,27.06,23.19,348.931935,293.51211551507305,55.41981948492696,0.03657071500420667,2013-12-19,16
z03,18,0.05,0.45665,0.28426196143552074,25.34,23.94,347.14533,339.90503238029186,7.240297619708144,0.02971763584010839,2013-12-19,17
z03,18,0.05,0.242,0.22614646024669782,24.58,23.48,178.4508,177.927633188141,0.5231668118589994,0.0002513347227095322,2013-12-19,18
z03,18,0.05,0.081475,0.05531210625192734,24.25,19.12,59.2730625,55.24659315217163,4.026469347828375,0.0006844970092729398,2013-12-19,19
z03,18,0.05,0.030075,0.022575813587197777,24.57,21.17,22.1682825,21.403365485894174,0.7649170141058264,5.62377968539575e-05,2013-12-19,20
z03,18,0.05,0.477075,0.2965546094880987,36.97,42.17,603.5475825000001,557.2850634198567,46.26251908014342,0.03258761139056936,2013-12-20,9
z03,18,0.05,0.679075,0.5840644963684919,40.89,65.52,1334.78982,903.2245636333214,431.56525636667857,0.009026995800312812,2013-12-20,10
z03,18,0.05,0.7795,0.992461815950425,39.36,55.37,1294.8274499999998,692.4153836618798,602.41206633812,0.04535273505290272,2013-12-20,11
z03,18,0.05,0.84755,0.7615817856452635,37.76,40.94,1040.9609099999998,968.3060076494419,72.6549023505579,0.007390533879341933,2013-12-20,12
z03,18,0.05,0.8631,1.0,35.28,38.03,984.7107900000001,829.76331,154.94748000000004,0.018741610000000006,2013-12-20,13
z03,18,0.05,0.833875,0.7304593337483547,29.64,34.04,851.55315,755.1325179452172,96.4206320547828,0.010694800026271696,2013-12-20,14
z03,18,0.05,0.7571,0.8585080481699852,27.71,33.88,769.5164400000001,568.4563450618814,201.0600949381187,0.010283592233646032,2013-12-20,15
z03,18,0.05,0.5234,0.6499214174100123,26.1,28.31,444.52361999999994,351.9006951096964,92.62292489030352,0.01600766906343857,2013-12-20,16
z03,18,0.05,0.4018,0.35726300325416543,24.59,26.75,322.4445,299.2938573891301,23.15064261086991,0.0019835440791384777,2013-12-20,17
z03,18,0.05,0.20205,0.2621091061493427,23.56,26.33,159.599295,116.59314016581192,43.006154834188095,0.0036070962314580114,2013-12-20,18
z03,18,0.05,0.069775,0.06734760662162242,23.21,26.24,54.92688,48.80498255809453,6.1218974419054675,5.892238613391318e-06,2013-12-20,19
z03,18,0.05,0.02755,0.02391760715724554,23.81,26.66,22.03449,19.989534588055506,2.044955411944496,1.319427776409384e-05,2013-12-20,20
z03,18,0.05,0.42065,0.3378129955824801,44.29,36.89,558.9176550000001,540.5278400193106,18.389814980689493,0.006861969300868211,2013-12-21,9
z03,18,0.05,0.579375,0.6540815654643068,47.99,46.64,834.1261875,783.374282251823,50.75190524817697,0.005581070923472768,2013-12-21,10
z03,18,0.05,0.80575,0.950742326464476,45.31,76.13,1840.2524249999997,862.6520352693644,977.6003897306352,0.021022774733581193,2013-12-21,11
z03,18,0.05,0.859625,0.7515598652163187,43.04,39.15,1109.9478,1097.3365987707443,12.611201229255585,0.011678073355815204,2013-12-21,12
z03,18,0.05,0.871275,1.0,41.14,32.58,1075.3276050000002,1028.9479875000002,46.379617499999995,0.016570125624999994,2013-12-21,13
z03,18,0.05,0.84615,0.7648721476672731,35.09,34.86,890.742105,890.1812878189043,0.5608171810957856,0.006606089279820557,2013-12-21,14
z03,18,0.05,0.6719,0.7410636847734877,33.85,36.3,731.6991,642.1130582254103,89.58604177458972,0.004783615291446369,2013-12-21,15
z03,18,0.05,0.59225,0.612741198727501,30.9,29.03,549.01575,540.6676356384162,8.34811436158384,0.000419889225289936,2013-12-21,16
z03,18,0.05,0.474675,0.30438753709478805,28.09,33.02,470.21305500000005,425.1941382636808,45.01891673631923,0.02899782002269394,2013-12-21,17
z03,18,0.05,0.288625,0.22733282901001617,27.07,25.19,234.39236250000002,230.93548405616494,3.4568784438350804,0.003756730224665418,2013-12-21,18
z03,18,0.05,0.1148,0.058353728603828356,26.94,25.03,92.78136,89.54698864899937,3.2343713510006324,0.003186181554530265,2013-12-21,19
z03,18,0.05,0.04425,0.021852042426192868,26.93,24.27,35.749575,33.962217985610195,1.787357014389805,0.0005016685034780642,2013-12-21,20
z03,18,0.05,0.283075,0.2671124079184342,41.32,39.92,350.89977,350.22934113257423,0.6704288674257555,0.0002548043459624674,2013-12-22,9
z03,18,0.05,0.5712,0.7056988308227898,44.23,37.95,757.9252799999999,694.0316104176336,63.89366958236633,0.01808993549269743,2013-12-22,10
z03,18,0.05,0.750975,1.0,39.68,33.3,893.96064,793.4043449999999,100.55629500000009,0.06201345062500003,2013-12-22,11
z03,18,0.05,0.7454,0.6152925273285216,35.87,29.28,802.1249399999999,776.4026926528486,25.722247347151324,0.01692795444495949,2013-12-22,12
z03,18,0.05,0.808775,1.0,34.160000000000004,28.58,828.8326200000001,762.8599950000001,65.972625,0.03656700062499999,2013-12-22,13
z03,18,0.05,0.655375,0.7514633630553004,29.85,27.47,586.8883125,550.7254570641378,36.162855435862184,0.009232973514647205,2013-12-22,14
z03,18,0.05,0.3948,0.6646863766995089,27.34,26.45,323.81496,220.3405231734083,103.4744368265917,0.07283865632798923,2013-12-22,15
z03,18,0.05,0.5187,0.709961078774687,24.77,50.49,785.6748900000001,166.80586779871675,618.8690222012833,0.03658080025405699,2013-12-22,16
z03,18,0.05,0.22565,0.39801021332775965,23.95,23.14,162.129525,104.39747154586685,57.73205345413315,0.02970804313839082,2013-12-22,17
z03,18,0.05,0.20415,0.34136561469912796,22.9,23.72,145.27313999999998,89.74198222925098,55.531157770749004,0.01882812491725954,2013-12-22,18
z03,18,0.05,0.0912,0.09048875063673611,22.37,24.15,66.0744,61.2423007159983,4.8320992840017,5.058756567432865e-07,2013-12-22,19
z03,18,0.05,0.021475,0.03513178469826385,22.28,23.28,14.998140000000003,9.38008901289231,5.618050987107694,0.0001865077682947336,2013-12-22,20
