zone,block,nrmse_lambda0,optimality_gap_lambda0,total_regret_lambda0,cvar90_lambda0,max_regret_lambda0,nrmse_lambda005,optimality_gap_lambda005,total_regret_lambda005,cvar90_lambda005,max_regret_lambda005,nrmse_change,optimality_gap_change,total_regret_change,total_regret_change_percent,cvar90_change,cvar90_change_percent,max_regret_change,max_regret_change_percent
z01,1,56.08944781342874,17.873099260754525,20083.241031465448,393.9697543794588,2651.0635753482275,56.597115525446505,17.653271749173246,19836.230211684007,387.000931645549,2643.799990139041,0.5076677120177635,-0.2198275115812791,-247.01081978144066,-1.229935045814747,-6.9688227339098034,-1.7688725229393274,-7.263585209186658,-0.2739875903667289
z01,2,68.8966369431313,19.744747278581652,20131.17042373288,394.74849658732484,3234.868174546128,73.43039226172073,20.465619774125827,20866.151067284773,409.0239218773407,3454.825431448706,4.533755318589428,0.7208724955441745,734.9806435518913,3.65095833019929,14.275425290015846,3.6163343023291006,219.95725690257768,6.799574048591301
z01,3,67.86626399607036,19.057049894918077,19964.40250765553,381.40662625092966,1960.7058548620155,67.97845675064775,19.1812985996718,20094.566996201032,381.8066347963275,1949.7450037157384,0.11219275457739286,0.12424870475372174,130.16448854550254,0.6519828905252225,0.4000085453978386,0.10487718824650692,-10.960851146277037,-0.5590257773289714
z01,4,101.72571773965089,27.741662778216398,35655.90084193028,652.8151652955886,4418.90769216,101.81572897599942,28.41488401881697,36521.18098001862,652.1506006316498,4418.90769216,0.09001123634853059,0.6732212406005722,865.2801380883393,2.426751582926761,-0.6645646639387905,-0.10179982011261669,0.0,0.0
z01,5,56.053675157660656,24.345436359715514,32815.22622497655,573.8564259929184,3412.6730767589997,57.013392796360954,24.70555309131449,33300.62775322246,593.5047468286261,3412.6730767589997,0.9597176387002975,0.36011673159897484,485.40152824591496,1.4791960442938006,19.64832083570775,3.423908829061403,0.0,0.0
z01,6,56.973344591344116,20.071558427039808,28591.741659097428,506.00012745437664,1434.8859404506552,60.16298012989869,19.85639439072047,28285.24256172373,499.80101897896446,1495.9467497382004,3.189635538554576,-0.21516403631933656,-306.4990973736967,-1.0719847046329676,-6.199108475412174,-1.225119943467033,61.060809287545226,4.255446901122178
z01,7,33.86323784092273,14.174911198120583,22794.25172285898,499.50369745031355,7080.539463925451,40.09719470585825,14.131267389309059,22724.069416226528,484.5951581231763,6638.567606752836,6.2339568649355215,-0.043643808811523854,-70.18230663245049,-0.30789475998489957,-14.908539327137248,-2.98467046455051,-441.9718571726153,-6.242064738490789
z01,8,47.69310701097739,14.862082735651661,17965.550199655776,291.2284936359466,951.1124933071009,49.56508267331611,14.793670454834976,17882.852216664684,287.75182446398685,912.9973132580814,1.8719756623387198,-0.06841228081668582,-82.69798299109243,-0.46031422401233746,-3.47666917195977,-1.1937943051361652,-38.1151800490195,-4.007431330913308
z01,9,45.85946353541711,12.973760000860013,17102.557239575523,245.9372576518536,1131.5787942896402,46.61775729273069,13.369590707720361,17624.35796047771,249.04081544892517,1172.0502836258975,0.7582937573135737,0.39583070686034816,521.8007209021889,3.0510099372433954,3.1035577970715735,1.2619307162743678,40.471489336257264,3.5765507042453586
z01,10,69.6666652584811,30.211955875070757,46036.14431856203,881.7591501489156,8498.289818822386,73.87147505103447,29.971225451959523,45669.32594552972,874.2408229364243,8440.912868954732,4.2048097925533625,-0.24073042311123416,-366.81837303230714,-0.7968051592113979,-7.518327212491386,-0.8526508867213519,-57.37694986765382,-0.6751587800709364
z01,11,72.33547475416782,14.138607130131966,15495.529548637267,231.364393439389,1381.075267718175,84.5371698259267,13.553184663002229,14853.922418999151,211.70725258239364,786.035333273597,12.201695071758877,-0.585422467129737,-641.607129638116,-4.140595051135515,-19.65714085699537,-8.496182392103904,-595.039934444578,-43.0852646740759
z01,12,82.46345793730752,26.367021656958546,17746.78505790543,298.5417831103158,1429.4944615543714,84.10480150272673,24.49724242568687,16488.297445810764,280.83977531971044,1338.1218552599144,1.6413435654192057,-1.869779231271675,-1258.4876120946647,-7.091355465163887,-17.702007790605364,-5.9294908760105445,-91.372606294457,-6.391952452554613
z01,13,88.07840995331847,25.621950434290365,18665.686402334926,313.15914718672303,1089.5729968093933,92.86747640437088,24.757002662195255,18035.5687260975,305.4516427332307,1022.3506153218465,4.789066451052406,-0.8649477720951104,-630.1176762374271,-3.3758076861218695,-7.707504453492334,-2.46121006610632,-67.22238148754684,-6.169607881655912
z01,14,80.71544145426454,31.456624858556204,28682.881291054204,551.8174859184343,1749.8412979549503,80.3842180912635,30.837005483613655,28117.897951073268,546.5959885723533,1749.8412979549503,-0.3312233630010297,-0.6196193749425483,-564.9833399809359,-1.969757969040392,-5.221497346080923,-0.9462362972043854,0.0,0.0
z01,15,88.67596376924988,29.419653707882663,34416.41972376997,467.381696800788,1977.4287693373499,89.19549081187174,28.596567952063552,33453.53738932098,443.42351481863415,1950.5933636289958,0.5195270426218599,-0.8230857558191111,-962.8823344489865,-2.797741142678953,-23.95818198215386,-5.126041979424271,-26.835405708354074,-1.3570858341130945
z01,16,115.67187420656404,12.086992304506916,16909.30828854152,252.8055889078676,943.8046249378501,117.23452719085603,11.855092978413202,16584.888689518404,250.79701339184456,943.8046249378501,1.5626529842919865,-0.2318993260937141,-324.41959902311646,-1.9185858669509104,-2.008575516023029,-0.794513888992792,0.0,0.0
z01,17,70.65671605099406,20.203054669179313,30698.884543656455,519.1087728616803,1623.2686924043996,70.35109060248305,20.773052819918163,31565.0064101841,531.097195683657,1623.2686924043996,-0.3056254485110088,0.5699981507388507,866.1218665276465,2.8213463759438775,11.988422821976656,2.3094240453476296,0.0,0.0
z01,18,52.36737902296712,13.117620415705876,24341.697291421595,369.68004554265104,2039.3439281839123,57.88988891146909,13.153687107454255,24408.624406631523,363.1031808774342,1782.4548541053978,5.522509888501972,0.0360666917483794,66.92711520992816,0.2749484327599224,-6.576864665216817,-1.7790694262555282,-256.88907407851457,-12.596652802319657
z01,19,41.57843045663608,28.212975429287994,59050.087146301856,1381.851028615506,10937.963508535588,42.33407410198168,27.7018734447378,57980.3447221474,1356.435776565844,10323.874711230907,0.7556436453456001,-0.5111019845501943,-1069.7424241544577,-1.811584835605874,-25.415252049662058,-1.8392179419749697,-614.0887973046811,-5.614288224910136
z01,20,49.76042741184364,21.62171439604181,71065.58765583446,1466.3097500513763,7599.973823414633,53.09725779046097,21.825149818032173,71734.23296068617,1465.311803339574,7230.129005333615,3.3368303786173357,0.20343542199036335,668.6453048517142,0.940884789541058,-0.9979467118023422,-0.06805838341914976,-369.8448180810183,-4.86639594654352
z01,21,53.87815878703229,21.452758482897625,47089.306413036276,910.6643124027627,4808.586162352929,56.667937889152945,20.798570494146595,45653.3484834962,855.5874598735687,3945.1272082678324,2.7897791021206544,-0.6541879887510298,-1435.9579295400763,-3.0494352941723166,-55.07685252919396,-6.0479862644309845,-863.4589540850966,-17.95660772068999
z01,22,80.41973173061852,22.012269553141863,22691.28463295725,289.78310487223115,786.6456420732095,77.48484782918902,19.79011995789209,20400.58812657969,246.9069857717042,567.1622910592232,-2.934883901429501,-2.222149595249771,-2290.6965063775606,-10.095049898807886,-42.87611910052695,-14.795934745551003,-219.4833510139863,-27.901171668038042
z01,23,74.3125456998379,23.685628738901354,30416.95835176877,639.9285222643897,7441.521160163219,74.69987062058648,23.016003056783656,29557.028615101226,617.6164350874087,7196.708695022771,0.3873249207485827,-0.6696256821176974,-859.9297366675455,-2.827139146270159,-22.31208717698098,-3.486653024626808,-244.81246514044778,-3.2898174966027804
z01,24,77.49128831352942,21.51343770982019,17594.442407969094,277.14966838323744,780.7449801842304,78.19939326990581,18.93262933274159,15483.766979476957,241.93820859880782,780.7454200916428,0.7081049563763884,-2.5808083770786006,-2110.675428492137,-11.996262112496066,-35.21145978442962,-12.704853658976733,0.00043990741244215315,5.6344571352652095e-05
z02,1,57.045910642388506,16.18971097755863,18757.587849804113,363.66180055493777,1937.6242852931543,59.061709324494174,15.959357981989807,18490.69818408759,349.07677178344886,1680.1393634983963,2.015798682105668,-0.23035299556882194,-266.8896657165242,-1.4228357497433304,-14.585028771488908,-4.010602364403564,-257.48492179475807,-13.288691917680092
z02,2,82.79495774805319,20.657902645461185,21122.288565121074,362.7571450473076,1318.6340780419623,80.64618265842739,19.861037554635672,20307.510091005937,363.39845815539394,1758.952088456035,-2.1487750896258007,-0.7968650908255128,-814.7784741151372,-3.8574346316836565,0.641313108086365,0.17678855312490968,440.31801041407266,33.39197869570459
z02,3,64.47425788623947,21.865037972041204,23165.51314410455,335.6622357820475,1425.305290572528,66.20048248144951,21.519756790715277,22799.695542751855,326.68026510401825,1365.6371801048924,1.7262245952100415,-0.34528118132592667,-365.8176013526936,-1.5791474122635245,-8.981970678029256,-2.675895504629075,-59.66811046763564,-4.186338945228195
z02,4,95.44660115198403,17.596102103283727,23176.171736027434,329.56736335326605,1247.5887900002829,98.96044756065186,27.296157926026876,35952.30580693595,635.726435424089,4445.827530240001,3.513846408667831,9.700055822743149,12776.134070908513,55.12616240691715,306.15907207082296,92.8972665726759,3198.238740239718,256.3535971046191
z02,5,62.657461895247074,29.92743346353166,42145.98919156288,670.4992819803973,3557.6976467287504,63.39016751213556,30.081161650871863,42362.480409561045,671.0091889419199,3557.6976467287504,0.732705616888488,0.153728187340203,216.49121799816203,0.5136697990742639,0.5099069615225744,0.076048845274898,0.0,0.0
z02,6,55.77127368431559,18.668478555467455,27323.299717293667,423.3709960669271,1700.9578293438685,63.5480407666483,17.698799935034895,25904.07214088406,417.5027352269751,2029.101526367711,7.776767082332711,-0.9696786204325605,-1419.2275764096048,-5.194202717438761,-5.868260839951972,-1.386080032516991,328.1436970238424,19.291700908917967
z02,7,36.40364628269347,14.597733827655592,24219.441703355453,461.39577760888665,5773.509866807828,37.629428536989366,14.573747895837517,24179.64608273193,455.7715244519002,5764.3105275226135,1.2257822542958934,-0.023985931818074846,-39.795620623521245,-0.16431270840569298,-5.6242531569864695,-1.2189650252400022,-9.199339285214592,-0.15933703236746877
z02,8,48.30932911087476,13.737642296871272,17397.150073174595,241.98101039833006,767.2022357813655,49.045660157851856,13.099419660059391,16588.91422361821,224.80787716024525,565.6971766087597,0.7363310469770994,-0.6382226368118804,-808.2358495563858,-4.645794547709507,-17.1731332380848,-7.096892937927544,-201.5050591726058,-26.264920743795898
z02,9,53.28743219965023,12.041345313116198,17069.05218282499,240.8068805968143,1099.7839895254515,56.38646125744576,11.808290928291596,16738.688975677847,232.65272273910355,1044.6990806117497,3.0990290577955264,-0.2330543848246016,-330.36320714714384,-1.9354513865717617,-8.154157857710743,-3.3861814236792274,-55.08490891370184,-5.008702566898665
z02,10,73.28099618571817,37.4499905873916,56664.14686222878,990.4154929254469,12857.597888976208,72.8991100900367,36.946269852956895,55901.98630555383,967.676150610719,12728.050410597109,-0.38188609568146603,-0.5037207344347081,-762.1605566749495,-1.3450490281412688,-22.739342314727878,-2.2959396815937705,-129.54747837909963,-1.0075558397278117
z02,11,61.796535509242524,17.83489519552641,19338.485537122935,287.2222548605257,1092.3769443815065,63.385294682108864,17.53182732482684,19009.86719818476,271.65071314749525,1040.897826192896,1.5887591728663395,-0.30306787069957153,-328.61833893817675,-1.699297177678923,-15.571541713030456,-5.421425899114938,-51.47911818861053,-4.712578240815721
z02,12,78.60308976882884,27.503338048816556,18751.066550204807,309.384224939684,1118.5585611110548,77.73968739215981,26.357731631324192,17970.021640797335,292.09411612969564,1047.3483887178002,-0.8634023766690291,-1.1456064174923632,-781.044909407472,-4.165335914713294,-17.29010880998834,-5.588555400120718,-71.21017239325465,-6.36624445684115
z02,13,73.80317921353601,22.821919342086847,17789.10625610197,280.44067346510195,653.5484430444556,73.97338127077649,21.911277313892487,17079.283933185096,267.06475023416965,655.9173564427158,0.17020205724047344,-0.9106420281943599,-709.8223229168761,-3.9902078985749765,-13.375923230932301,-4.769608867950748,2.368913398260247,0.36246944254430874
z02,14,66.5130346440874,19.031681875148212,17324.82560319799,291.5186071516376,1082.2413449735755,68.73192609079973,19.79233994372265,18017.26405756948,307.3713649676459,1133.3430841354914,2.218891446712334,0.7606580685744362,692.4384543714878,3.9967989879428885,15.852757816008307,5.437991753220153,51.10173916191593,4.721843182138237
z02,15,86.13386810290807,15.305915286618252,17282.873317753598,264.2540976311441,864.6988457791889,88.93428105811616,15.278423307031147,17251.830391436502,265.95720439915493,872.7613336242274,2.8004129552080883,-0.027491979587104254,-31.042926317095407,-0.17961669767727212,1.703106768010855,0.6444958785040739,8.062487845038504,0.9324041409785062
z02,16,101.49628899242516,32.82688580067033,43652.04023114509,549.749212769208,2413.3398190006496,100.45656205135667,32.76777682537283,43573.43919102888,556.1325971211256,2413.3398190006496,-1.0397269410684942,-0.05910897529750514,-78.6010401162057,-0.18006269512260967,6.383384351917584,1.1611447917793405,0.0,0.0
z02,17,81.79272034087998,15.652272952553298,24288.416087188976,333.9339306895648,1595.0980322556002,79.6646659897551,14.622979796532185,22691.21033151893,316.1700874117182,1367.894632323739,-2.128054351124888,-1.0292931560211134,-1597.2057556700456,-6.575997998125939,-17.763843277846604,-5.31956822751277,-227.2033999318612,-14.243851809570403
z02,18,33.835535048197336,13.7417399249962,28189.557662741343,433.11086492036287,1417.8149421822004,35.1274084105919,14.15761400596729,29042.674258599,432.4939021028975,1417.8149421822004,1.2918733623945613,0.4158740809710899,853.1165958576566,3.026356802275179,-0.6169628174653781,-0.14244916658436182,0.0,0.0
z02,19,55.143069418841236,33.286262587246746,69174.23069941865,1502.8474587704477,7497.7493796238505,53.70107821450286,32.101682190462675,66712.4812784865,1451.8093733006403,7082.753921359234,-1.441991204338379,-1.184580396784071,-2461.749420932145,-3.558766604328617,-51.038085469807356,-3.396092209622132,-414.9954582646169,-5.534933714808116
z02,20,45.34645232712595,19.655770296944954,68605.5910976644,1275.2363866754986,7002.39957731052,47.158615595674696,20.08628450213066,70108.23795792492,1293.611895607266,7071.945749197164,1.812163268548744,0.4305142051857054,1502.646860260531,2.1902688049453842,18.3755089317674,1.4409492329239268,69.54617188664452,0.9931762836269877
z02,21,47.99325968809258,18.39198421830652,42718.06796747759,763.5903206421088,2778.206326116084,50.55042229664908,17.32464157914268,40239.00889135002,691.1851287031959,1902.5453002686086,2.557162608556503,-1.06734263916384,-2479.059076127567,-5.803303365720897,-72.40519193891294,-9.482204001489551,-875.6610258474752,-31.518934271222548
z02,22,85.61855822087182,20.09300225199292,20981.339369290843,244.7235170496774,626.1820786502915,82.26099266937419,19.557529709179867,20422.192906119395,235.0746571531483,626.4888012521787,-3.357565551497629,-0.5354725428130536,-559.146463171448,-2.664970302085852,-9.648859896529103,-3.942759573274048,0.30672260188725886,0.04898297353836543
z02,23,63.6496666482608,21.36394549870837,27463.465671178943,574.2000169318999,5314.736391467746,63.41290200315625,22.72092492785822,29207.86995133431,619.4596217860338,5354.982496321758,-0.2367646451045502,1.356979429149849,1744.404280155366,6.351726694078529,45.259604854133954,7.882201936525151,40.24610485401172,0.7572549584702383
z02,24,82.73819722833447,21.41966442972391,17687.001258051772,287.97771094638006,1068.4343819436885,83.19260939905622,21.091627202076815,17416.12890722117,283.9014603015386,1069.707377459447,0.4544121707217528,-0.3280372276470942,-270.87235083060295,-1.5314769693211387,-4.07625064484148,-1.4154743544025379,1.272995515758339,0.1191458771143731
z03,1,55.994965230324055,17.627182332366477,23381.465503486907,456.2209442028916,2509.7176458519475,56.24055036461994,17.664963210459383,23431.57971239248,451.35470985233036,2533.3543035154034,0.24558513429588658,0.037780878092906534,50.11420890557201,0.21433305323867924,-4.866234350561228,-1.0666398402781583,23.636657663455935,0.9418054537936775
z03,2,70.31399500551849,23.022575166784566,24716.629748280095,441.26396094807893,3045.8707359069003,68.41560824130276,21.203054523546964,22763.224547842765,413.50522956213007,2497.5818255456525,-1.8983867642157293,-1.8195206432376025,-1953.4052004373298,-7.903202096447868,-27.758731385948863,-6.290731589841999,-548.2889103612479,-18.001056443322643
z03,3,70.51041434906998,16.556201511962165,18528.44412187406,300.65402963666827,1022.4199054110389,74.79381087646058,17.32943099915007,19393.783876067984,316.83108593220436,1011.9635391202333,4.283396527390607,0.7732294871879049,865.339754193923,4.67033145633816,16.17705629553609,5.380621811417461,-10.45636629080559,-1.022707620955586
z03,4,87.6817786362953,24.244455807694667,35252.62637087496,614.9806133702288,4427.639999999999,86.12438913387643,23.79182858387206,34594.484215271674,608.0996204060764,4427.639999999999,-1.5573895024188715,-0.45262722382260634,-658.1421556032874,-1.866930845603696,-6.8809929641523695,-1.1188959155058593,0.0,0.0
z03,5,68.93722039363115,30.59936862634935,49252.03053777283,734.7523519900208,3392.2055062500003,69.21110928003306,30.02342865716318,48325.01098724999,731.5197533816608,3392.2055062500003,0.273888886401906,-0.5759399691861695,-927.0195505228403,-1.8821955976249178,-3.232598608359922,-0.4399575720451489,0.0,0.0
z03,6,57.21658572175743,24.178882902657495,38771.23866703737,631.6749705334596,2142.6916969628537,55.67424047066322,22.750915605142822,36481.469486072405,583.337438499027,2158.4928609612516,-1.5423452510942113,-1.427967297514673,-2289.7691809649623,-5.905844795491881,-48.33753203443257,-7.652279145018324,15.801163998397897,0.7374445899424154
z03,7,34.30361596436746,15.651509160875092,28685.037644142518,610.153109060797,8172.7336529602535,36.02636299428222,15.505986591068366,28418.33362537524,606.3121899104838,8640.288753631005,1.722747029914764,-0.14552256980672595,-266.7040187672792,-0.9297670167838882,-3.840919150313198,-0.6295008733505414,467.555100670751,5.720914451939803
z03,8,51.299397502196605,17.019335781271735,23796.278013266703,341.83739768260557,964.5425376119761,51.78991343769631,17.530117939307644,24510.44890648182,357.5121006397569,916.0694026280555,0.4905159354997082,0.5107821580359087,714.1708932151159,3.0011873824005475,15.67470295715134,4.585426598556436,-48.473134983920545,-5.025505158531506
z03,9,41.40180132917143,14.165922534970909,21050.46115072672,329.8489309588876,1603.9533560073655,42.43483135696321,12.91412537274062,19190.299381024313,289.93361950256786,1523.7316382202305,1.0330300277917814,-1.2517971622302895,-1860.1617697024049,-8.836679426560625,-39.91531145631973,-12.101088622686722,-80.22171778713505,-5.0014994193363975
z03,10,61.361305552464174,36.30338004647189,61608.497252325295,1260.5863494113191,22671.758685506487,65.45531895042251,34.9717698136225,59348.693750099,1209.08034127465,21990.32463847693,4.094013397958335,-1.3316102328493855,-2259.803502226292,-3.6680062053307103,-51.50600813666915,-4.085877033391797,-681.4340470295574,-3.005651464811955
z03,11,51.236602660644515,16.98584804278594,20476.84852778012,355.6889747481967,1806.3409830668888,56.18754616325244,16.10476353182758,19414.679949230394,323.18881723746904,1764.8078307332455,4.950943502607927,-0.8810845109583596,-1062.1685785497248,-5.187168216382141,-32.50015751072766,-9.137240628202077,-41.53315233364333,-2.299297459504375
z03,12,91.57299595420605,30.177398365950594,22400.147600323016,347.6871242279601,1196.062358758145,91.62601946329917,29.131542733810846,21623.827513201366,340.01994108965897,1059.388378320028,0.05302350909312281,-1.045855632139748,-776.3200871216504,-3.465691838166529,-7.667183138301141,-2.2051961674813625,-136.6739804381168,-11.426994540654514
z03,13,61.75010984810097,22.360554362851868,20359.776547365833,352.25934595445716,876.5683547455089,63.63794904956033,21.7991890342976,19848.641068999015,341.45887167585096,842.3137344621243,1.8878392014593643,-0.5613653285542668,-511.13547836681755,-2.5105161502027817,-10.800474278606202,-3.066057551813706,-34.25462028338461,-3.9078093679676167
z03,14,84.54636090455793,30.297391575395753,26852.769992948255,474.2982376162515,1537.5975318777935,85.71919889181324,30.285641273465203,26842.355625945616,479.16575621067386,1582.83687,1.1728379872553063,-0.011750301930550933,-10.414367002638755,-0.0387832130740093,4.867518594422336,1.0262569430756732,45.23933812220662,2.9422093352971244
z03,15,60.62975976014089,17.664490602612357,21756.71324773627,388.30329753101955,1519.2249363475132,61.301586080396696,17.288455438156653,21293.564356088173,382.63429484036874,1467.6687103997283,0.6718263202558035,-0.37603516445570406,-463.14889164809574,-2.128763137953685,-5.669002690650814,-1.459941938864927,-51.556225947784924,-3.393587395408033
z03,16,92.95935355869314,15.988080895900834,24537.66396518178,380.1688631925322,1197.0267562500003,93.6915366892073,15.758367630122052,24185.112151069465,375.9943906548807,1197.0267562500003,0.7321831305141586,-0.22971326577878237,-352.5518141123139,-1.4367782304484018,-4.174472537651525,-1.0980574533631415,0.0,0.0
z03,17,56.44773429171735,19.74589613349614,32810.37152606718,549.0841885020686,1741.5845977972904,63.49790659351954,21.142250958422622,35130.59646183679,584.3043896247286,1888.98643125,7.050172301802185,1.3963548249264832,2320.2249357696055,7.07162042930917,35.22020112266,6.414353547266152,147.40183345270952,8.463661979965797
z03,18,37.848991755727006,14.38771881121621,30726.416857017743,487.52876858644294,1554.9409769798074,36.663596653562344,12.890362255541866,27528.661721758115,438.4781056459021,1314.450279894796,-1.1853951021646623,-1.4973565556743438,-3197.7551352596274,-10.407185289908861,-49.05066294054086,-10.061080719966531,-240.49069708501133,-15.466226734349826
z03,19,45.26946707683341,25.30273265996041,62707.23907232398,1447.6651558692008,9573.711487416342,46.6182905205258,25.02055729904449,62007.929710957105,1428.29873049982,9416.951373153226,1.348823443692389,-0.2821753609159181,-699.3093613668752,-1.1151971793245756,-19.36642536938075,-1.33776966937861,-156.7601142631156,-1.6374016959792517
z03,20,45.0930570999507,18.28727840549497,67843.42121050919,1288.574307159216,7386.439108244369,49.538315891060506,18.447928605401717,68439.41252961937,1290.2946977512859,6886.779466470787,4.445258791109808,0.16065019990674756,595.9913191101805,0.878480637438519,1.7203905920698617,0.13351116676093175,-499.6596417735818,-6.764553724079131
z03,21,54.33671173690212,23.603090095999242,54853.70903952992,1081.339258727663,6679.57398266445,56.337350942380354,24.203890084834438,56249.97146298711,1104.6403614449591,6066.380259811873,2.0006392054782367,0.6007999888351954,1396.2624234571922,2.5454293755249733,23.30110271729609,2.1548373953159605,-613.1937228525776,-9.180132212683084
z03,22,75.99815340064961,22.79718653312597,24946.610287014802,324.04670151783637,1398.9487618698545,82.2448531293897,22.2662142057386,24365.575442856527,290.1548920703605,948.740196942374,6.246699728740083,-0.5309723273873708,-581.0348441582755,-2.329113404480109,-33.89180944747585,-10.458927459753934,-450.20856492748044,-32.1819195383343
z03,23,59.43535639769827,24.942285137661347,33949.12252534576,755.8766065578321,8060.050006543999,59.13994671987947,24.275790488560414,33041.95189603362,731.3053543019325,8009.433144251152,-0.2954096778188031,-0.6664946491009331,-907.1706293121388,-2.672147501411451,-24.571252255899594,-3.2506962171767713,-50.616862292847145,-0.6279968765919695
z03,24,68.4274654644658,17.427806830929505,16241.15799674227,256.3678120100146,780.7147036454822,76.90071017116463,17.935599991020748,16714.37582746039,254.2474046762056,780.7258023995139,8.473244706698836,0.5077931600912429,473.21783071812024,2.913695136843325,-2.12040733380897,-0.8270957719630341,0.01109875403165006,0.0014216145769799587
