n_obs,nrmse,optimality_gap,total_regret,cvar90,max_regret,sse,actual_sum,oracle_sum,realized_sum,zone,block,cvar_lambda,train_start,train_end,test_start,test_end,history_rows
360,56.08944781342874,17.873099260754525,20083.241031465448,393.9697543794588,2651.0635753482275,8.461540923235537,98.399935889,112365.74439870045,92282.50336723501,z01,1,0.0,2012-04-02,2012-06-30,2012-07-01,2012-07-30,6
360,56.597115525446505,17.653271749173246,19836.230211684007,387.000931645549,2643.799990139041,8.615405556929879,98.399935889,112365.74439870045,92529.51418701644,z01,1,0.05,2012-04-02,2012-06-30,2012-07-01,2012-07-30,6
360,68.8966369431313,19.744747278581652,20131.17042373288,394.74849658732484,3234.868174546128,18.32193922742732,117.87967949,101957.09339653289,81825.92297280002,z01,2,0.0,2012-05-02,2012-07-30,2012-07-31,2012-08-29,12
360,73.43039226172073,20.465619774125827,20866.151067284773,409.0239218773407,3454.825431448706,20.812635979405506,117.87967949,101957.09339653289,81090.94232924812,z01,2,0.05,2012-05-02,2012-07-30,2012-07-31,2012-08-29,12
360,67.86626399607036,19.057049894918077,19964.40250765553,381.40662625092966,1960.7058548620155,22.402384040475425,132.32576921100002,104761.243832286,84796.84132463047,z01,3,0.0,2012-06-01,2012-08-29,2012-08-30,2012-09-28,12
360,67.97845675064775,19.1812985996718,20094.566996201032,381.8066347963275,1949.7450037157384,22.476514028518864,132.32576921100002,104761.243832286,84666.67683608495,z01,3,0.05,2012-06-01,2012-08-29,2012-08-30,2012-09-28,12
360,101.72571773965089,27.741662778216398,35655.90084193028,652.8151652955886,4418.90769216,62.77879204216518,147.783846151,128528.34787512585,92872.44703319557,z01,4,0.0,2012-07-01,2012-09-28,2012-09-29,2012-10-28,12
360,101.81572897599942,28.41488401881697,36521.18098001862,652.1506006316498,4418.90769216,62.88993987864695,147.783846151,128528.34787512585,92007.16689510724,z01,4,0.05,2012-07-01,2012-09-28,2012-09-29,2012-10-28,12
360,56.053675157660656,24.345436359715514,32815.22622497655,573.8564259929184,3412.6730767589997,16.77364162164653,138.631153841,134790.0515731812,101974.82534820464,z01,5,0.0,2012-07-31,2012-10-28,2012-10-29,2012-11-27,12
360,57.013392796360954,24.70555309131449,33300.62775322246,593.5047468286261,3412.6730767589997,17.35293529054093,138.631153841,134790.0515731812,101489.42381995873,z01,5,0.05,2012-07-31,2012-10-28,2012-10-29,2012-11-27,12
360,56.973344591344116,20.071558427039808,28591.741659097428,506.00012745437664,1434.8859404506552,16.84630427582381,136.68846153600003,142449.036844989,113857.29518589156,z01,6,0.0,2012-08-30,2012-11-27,2012-11-28,2012-12-27,12
360,60.16298012989869,19.85639439072047,28285.24256172373,499.80101897896446,1495.9467497382004,18.785375962672312,136.68846153600003,142449.036844989,114163.79428326528,z01,6,0.05,2012-08-30,2012-11-27,2012-11-28,2012-12-27,12
360,33.86323784092273,14.174911198120583,22794.25172285898,499.50369745031355,7080.539463925451,7.771613128478823,156.199038459,160807.0160318268,138012.76430896783,z01,7,0.0,2012-09-29,2012-12-27,2012-12-28,2013-01-26,12
360,40.09719470585825,14.131267389309059,22724.069416226528,484.5951581231763,6638.567606752836,10.896378741585924,156.199038459,160807.0160318268,138082.94661560026,z01,7,0.05,2012-09-29,2012-12-27,2012-12-28,2013-01-26,12
360,47.69310701097739,14.862082735651661,17965.550199655776,291.2284936359466,951.1124933071009,11.067627118382099,132.349679494,120881.7802942209,102916.23009456514,z01,8,0.0,2012-10-29,2013-01-26,2013-01-27,2013-02-25,12
360,49.56508267331611,14.793670454834976,17882.852216664684,287.75182446398685,912.9973132580814,11.953496449849652,132.349679494,120881.7802942209,102998.92807755621,z01,8,0.05,2012-10-29,2013-01-26,2013-01-27,2013-02-25,12
360,45.85946353541711,12.973760000860013,17102.557239575523,245.9372576518536,1131.5787942896402,10.464592062956077,133.839230767,131824.2147106299,114721.65747105438,z01,9,0.0,2012-11-28,2013-02-25,2013-02-26,2013-03-27,12
360,46.61775729273069,13.369590707720361,17624.35796047771,249.04081544892517,1172.0502836258975,10.813520699387382,133.839230767,131824.2147106299,114199.85675015219,z01,9,0.05,2012-11-28,2013-02-25,2013-02-26,2013-03-27,12
360,69.6666652584811,30.211955875070757,46036.14431856203,881.7591501489156,8498.289818822386,18.768862239902113,117.989999995,152377.2393582387,106341.09503967667,z01,10,0.0,2012-12-28,2013-03-27,2013-03-28,2013-04-26,12
360,73.87147505103447,29.971225451959523,45669.32594552972,874.2408229364243,8440.912868954732,21.102866108804733,117.989999995,152377.2393582387,106707.91341270898,z01,10,0.05,2012-12-28,2013-03-27,2013-03-28,2013-04-26,12
360,72.33547475416782,14.138607130131966,15495.529548637267,231.364393439389,1381.075267718175,16.481010628446825,106.48583333299999,109597.2849801693,94101.75543153204,z01,11,0.0,2013-01-27,2013-04-26,2013-04-27,2013-05-26,12
360,84.5371698259267,13.553184663002229,14853.922418999151,211.70725258239364,786.035333273597,22.510056005976445,106.48583333299999,109597.2849801693,94743.36256117016,z01,11,0.05,2013-01-27,2013-04-26,2013-04-27,2013-05-26,12
360,82.46345793730752,26.367021656958546,17746.78505790543,298.5417831103158,1429.4944615543714,10.739935503940298,75.403333319,67306.74889562985,49559.96383772442,z01,12,0.0,2013-02-26,2013-05-26,2013-05-27,2013-06-25,12
360,84.10480150272673,24.49724242568687,16488.297445810764,280.83977531971044,1338.1218552599144,11.171723270423044,75.403333319,67306.74889562985,50818.451449819084,z01,12,0.05,2013-02-26,2013-05-26,2013-05-27,2013-06-25,12
360,88.07840995331847,25.621950434290365,18665.686402334926,313.15914718672303,1089.5729968093933,12.110655023347451,74.966217936,72850.3727700381,54184.68636770317,z01,13,0.0,2013-03-28,2013-06-25,2013-06-26,2013-07-25,12
360,92.86747640437088,24.757002662195255,18035.5687260975,305.4516427332307,1022.3506153218465,13.463438465523108,74.966217936,72850.3727700381,54814.8040439406,z01,13,0.05,2013-03-28,2013-06-25,2013-06-26,2013-07-25,12
360,80.71544145426454,31.456624858556204,28682.881291054204,551.8174859184343,1749.8412979549503,19.348725706935966,103.400064101,91182.3230242467,62499.44173319251,z01,14,0.0,2013-04-27,2013-07-25,2013-07-26,2013-08-24,12
360,80.3842180912635,30.837005483613655,28117.897951073268,546.5959885723533,1749.8412979549503,19.190252918317,103.400064101,91182.3230242467,63064.42507317342,z01,14,0.05,2013-04-27,2013-07-25,2013-07-26,2013-08-24,12
360,88.67596376924988,29.419653707882663,34416.41972376997,467.381696800788,1977.4287693373499,31.060194007192266,119.246987156,116984.4487821027,82568.02905833273,z01,15,0.0,2013-05-27,2013-08-24,2013-08-25,2013-09-23,12
360,89.19549081187174,28.596567952063552,33453.53738932098,443.42351481863415,1950.5933636289958,31.425205672932485,119.246987156,116984.4487821027,83530.91139278171,z01,15,0.05,2013-05-27,2013-08-24,2013-08-25,2013-09-23,12
360,115.67187420656404,12.086992304506916,16909.30828854152,252.8055889078676,943.8046249378501,81.28251893593384,147.88429487,139896.74074861858,122987.43246007708,z01,16,0.0,2013-06-26,2013-09-23,2013-09-24,2013-10-23,12
360,117.23452719085603,11.855092978413202,16584.888689518404,250.79701339184456,943.8046249378501,83.49350283498691,147.88429487,139896.74074861858,123311.8520591002,z01,16,0.05,2013-06-26,2013-09-23,2013-09-24,2013-10-23,12
360,70.65671605099406,20.203054669179313,30698.884543656455,519.1087728616803,1623.2686924043996,31.882357760703094,151.625769231,151951.69763357128,121252.81308991485,z01,17,0.0,2013-07-26,2013-10-23,2013-10-24,2013-11-22,12
360,70.35109060248305,20.773052819918163,31565.0064101841,531.097195683657,1623.2686924043996,31.607140159878075,151.625769231,151951.69763357128,120386.69122338721,z01,17,0.05,2013-07-26,2013-10-23,2013-10-24,2013-11-22,12
360,52.36737902296712,13.117620415705876,24341.697291421595,369.68004554265104,2039.3439281839123,17.690070183504105,152.389551282,185564.88539855144,161223.18810712983,z01,18,0.0,2013-08-25,2013-11-22,2013-11-23,2013-12-22,12
360,57.88988891146909,13.153687107454255,24408.624406631523,363.1031808774342,1782.4548541053978,21.617890469670616,152.389551282,185564.88539855144,161156.2609919199,z01,18,0.05,2013-08-25,2013-11-22,2013-11-23,2013-12-22,12
360,41.57843045663608,28.212975429287994,59050.087146301856,1381.851028615506,10937.963508535588,10.218865231267024,145.87621794300003,209301.1681603839,150251.08101408207,z01,19,0.0,2013-09-24,2013-12-22,2013-12-23,2014-01-21,12
360,42.33407410198168,27.7018734447378,57980.3447221474,1356.435776565844,10323.874711230907,10.593674401180195,145.87621794300003,209301.1681603839,151320.8234382365,z01,19,0.05,2013-09-24,2013-12-22,2013-12-23,2014-01-21,12
360,49.76042741184364,21.62171439604181,71065.58765583446,1466.3097500513763,7599.973823414633,13.676277288152932,141.01038461299999,328676.9326156862,257611.3449598517,z01,20,0.0,2013-10-24,2014-01-21,2014-01-22,2014-02-20,12
360,53.09725779046097,21.825149818032173,71734.23296068617,1465.311803339574,7230.129005333615,15.5719814807501,141.01038461299999,328676.9326156862,256942.699655,z01,20,0.05,2013-10-24,2014-01-21,2014-01-22,2014-02-20,12
360,53.87815878703229,21.452758482897625,47089.306413036276,910.6643124027627,4808.586162352929,13.086799207875227,127.39583334099999,219502.3378955037,172413.03148246743,z01,21,0.0,2013-11-23,2014-02-20,2014-02-21,2014-03-22,12
360,56.667937889152945,20.798570494146595,45653.3484834962,855.5874598735687,3945.1272082678324,14.47713971654968,127.39583334099999,219502.3378955037,173848.9894120075,z01,21,0.05,2013-11-23,2014-02-20,2014-02-21,2014-03-22,12
360,80.41973173061852,22.012269553141863,22691.28463295725,289.78310487223115,786.6456420732095,16.29296504766436,95.23326922,103084.71181572675,80393.4271827695,z01,22,0.0,2013-12-23,2014-03-22,2014-03-23,2014-04-21,12
360,77.48484782918902,19.79011995789209,20400.58812657969,246.9069857717042,567.1622910592232,15.125455240191041,95.23326922,103084.71181572675,82684.12368914706,z01,22,0.05,2013-12-23,2014-03-22,2014-03-23,2014-04-21,12
360,74.3125456998379,23.685628738901354,30416.95835176877,639.9285222643897,7441.521160163219,15.621678981066822,100.914358975,128419.46771635351,98002.50936458472,z01,23,0.0,2014-01-22,2014-04-21,2014-04-22,2014-05-21,12
360,74.69987062058648,23.016003056783656,29557.028615101226,617.6164350874087,7196.708695022771,15.784947077283865,100.914358975,128419.46771635351,98862.43910125227,z01,23,0.05,2014-01-22,2014-04-21,2014-04-22,2014-05-21,12
360,77.49128831352942,21.51343770982019,17594.442407969094,277.14966838323744,780.7449801842304,9.094284583137952,73.838461526,81783.5003651592,64189.05795719011,z01,24,0.0,2014-02-21,2014-05-21,2014-05-22,2014-06-20,12
360,78.19939326990581,18.93262933274159,15483.766979476957,241.93820859880782,780.7454200916428,9.26124865667362,73.838461526,81783.5003651592,66299.73338568225,z01,24,0.05,2014-02-21,2014-05-21,2014-05-22,2014-06-20,12
360,57.045910642388506,16.18971097755863,18757.587849804113,363.66180055493777,1937.6242852931543,11.251783968442822,111.567429137,115861.16562429647,97103.57777449235,z02,1,0.0,2012-04-02,2012-06-30,2012-07-01,2012-07-30,6
360,59.061709324494174,15.959357981989807,18490.69818408759,349.07677178344886,1680.1393634983963,12.061029351460157,111.567429137,115861.16562429647,97370.46744020886,z02,1,0.05,2012-04-02,2012-06-30,2012-07-01,2012-07-30,6
360,82.79495774805319,20.657902645461185,21122.288565121074,362.7571450473076,1318.6340780419623,32.72588102546353,131.097085015,102247.98193519379,81125.69337007272,z02,2,0.0,2012-05-02,2012-07-30,2012-07-31,2012-08-29,12
360,80.64618265842739,19.861037554635672,20307.510091005937,363.39845815539394,1758.952088456035,31.049256116379397,131.097085015,102247.98193519379,81940.47184418786,z02,2,0.05,2012-05-02,2012-07-30,2012-07-31,2012-08-29,12
360,64.47425788623947,21.865037972041204,23165.51314410455,335.6622357820475,1425.305290572528,26.569288993420464,151.68927118300002,105947.7379994778,82782.22485537325,z02,3,0.0,2012-06-01,2012-08-29,2012-08-30,2012-09-28,12
360,66.20048248144951,21.519756790715277,22799.695542751855,326.68026510401825,1365.6371801048924,28.011059624396022,151.68927118300002,105947.7379994778,83148.04245672593,z02,3,0.05,2012-06-01,2012-08-29,2012-08-30,2012-09-28,12
360,95.44660115198403,17.596102103283727,23176.171736027434,329.56736335326605,1247.5887900002829,75.75766809525152,173.023097124,131711.964388422,108535.79265239456,z02,4,0.0,2012-07-01,2012-09-28,2012-09-29,2012-10-28,12
360,98.96044756065186,27.296157926026876,35952.30580693595,635.726435424089,4445.827530240001,81.43834964737107,173.023097124,131711.964388422,95759.65858148606,z02,4,0.05,2012-07-01,2012-09-28,2012-09-29,2012-10-28,12
360,62.657461895247074,29.92743346353166,42145.98919156288,670.4992819803973,3557.6976467287504,28.48129654742057,161.606315787,140827.2755594637,98681.28636790082,z02,5,0.0,2012-07-31,2012-10-28,2012-10-29,2012-11-27,12
360,63.39016751213556,30.081161650871863,42362.480409561045,671.0091889419199,3557.6976467287504,29.151302037663882,161.606315787,140827.2755594637,98464.79514990267,z02,5,0.05,2012-07-31,2012-10-28,2012-10-29,2012-11-27,12
360,55.77127368431559,18.668478555467455,27323.299717293667,423.3709960669271,1700.9578293438685,21.49199729257632,157.71720646400001,146360.61335213343,119037.31363483972,z02,6,0.0,2012-08-30,2012-11-27,2012-11-28,2012-12-27,12
360,63.5480407666483,17.698799935034895,25904.07214088406,417.5027352269751,2029.101526367711,27.903583599934514,157.71720646400001,146360.61335213343,120456.54121124934,z02,6,0.05,2012-08-30,2012-11-27,2012-11-28,2012-12-27,12
360,36.40364628269347,14.597733827655592,24219.441703355453,461.39577760888665,5773.509866807828,11.982019510357546,180.414473683,165912.33947197621,141692.89776862075,z02,7,0.0,2012-09-29,2012-12-27,2012-12-28,2013-01-26,12
360,37.629428536989366,14.573747895837517,24179.64608273193,455.7715244519002,5764.3105275226135,12.802520988460746,180.414473683,165912.33947197621,141732.69338924426,z02,7,0.05,2012-09-29,2012-12-27,2012-12-28,2013-01-26,12
360,48.30932911087476,13.737642296871272,17397.150073174595,241.98101039833006,767.2022357813655,14.32407248371768,148.64609310999998,126638.5431882789,109241.3931151043,z02,8,0.0,2012-10-29,2013-01-26,2013-01-27,2013-02-25,12
360,49.045660157851856,13.099419660059391,16588.91422361821,224.80787716024525,565.6971766087597,14.764055409381722,148.64609310999998,126638.5431882789,110049.62896466069,z02,8,0.05,2012-10-29,2013-01-26,2013-01-27,2013-02-25,12
360,53.28743219965023,12.041345313116198,17069.05218282499,240.8068805968143,1099.7839895254515,17.517697673086825,149.027004046,141753.6972736119,124684.64509078691,z02,9,0.0,2012-11-28,2013-02-25,2013-02-26,2013-03-27,12
360,56.38646125744576,11.808290928291596,16738.688975677847,232.65272273910355,1044.6990806117497,19.614494498515835,149.027004046,141753.6972736119,125015.00829793407,z02,9,0.05,2012-11-28,2013-02-25,2013-02-26,2013-03-27,12
360,73.28099618571817,37.4499905873916,56664.14686222878,990.4154929254469,12857.597888976208,26.34783136924663,132.902246932,151306.1711724597,94642.02431023092,z02,10,0.0,2012-12-28,2013-03-27,2013-03-28,2013-04-26,12
360,72.8991100900367,36.946269852956895,55901.98630555383,967.676150610719,12728.050410597109,26.073936267438107,132.902246932,151306.1711724597,95404.18486690588,z02,10,0.05,2012-12-28,2013-03-27,2013-03-28,2013-04-26,12
360,61.796535509242524,17.83489519552641,19338.485537122935,287.2222548605257,1092.3769443815065,13.637413258948722,113.384352172,108430.6093482045,89092.12381108155,z02,11,0.0,2013-01-27,2013-04-26,2013-04-27,2013-05-26,12
360,63.385294682108864,17.53182732482684,19009.86719818476,271.65071314749525,1040.897826192896,14.347649964310465,113.384352172,108430.6093482045,89420.74215001974,z02,11,0.05,2013-01-27,2013-04-26,2013-04-27,2013-05-26,12
360,78.60308976882884,27.503338048816556,18751.066550204807,309.384224939684,1118.5585611110548,11.31195409427607,81.185870103,68177.4209258634,49426.3543756586,z02,12,0.0,2013-02-26,2013-05-26,2013-05-27,2013-06-25,12
360,77.73968739215981,26.357731631324192,17970.021640797335,292.09411612969564,1047.3483887178002,11.064810442022715,81.185870103,68177.4209258634,50207.39928506607,z02,12,0.05,2013-02-26,2013-05-26,2013-05-27,2013-06-25,12
360,73.80317921353601,22.821919342086847,17789.10625610197,280.44067346510195,653.5484430444556,10.816162371747382,84.549837884,77947.45914861045,60158.35289250848,z02,13,0.0,2013-03-28,2013-06-25,2013-06-26,2013-07-25,12
360,73.97338127077649,21.911277313892487,17079.283933185096,267.06475023416965,655.9173564427158,10.866107532683468,84.549837884,77947.45914861045,60868.175215425355,z02,13,0.05,2013-03-28,2013-06-25,2013-06-26,2013-07-25,12
360,66.5130346440874,19.031681875148212,17324.82560319799,291.5186071516376,1082.2413449735755,15.512559853442038,112.353400819,91031.5006148823,73706.6750116843,z02,14,0.0,2013-04-27,2013-07-25,2013-07-26,2013-08-24,12
360,68.73192609079973,19.79233994372265,18017.26405756948,307.3713649676459,1133.3430841354914,16.564829620098507,112.353400819,91031.5006148823,73014.23655731282,z02,14,0.05,2013-04-27,2013-07-25,2013-07-26,2013-08-24,12
360,86.13386810290807,15.305915286618252,17282.873317753598,264.2540976311441,864.6988457791889,33.17134964035753,126.86997971,112916.30062047824,95633.42730272465,z02,15,0.0,2013-05-27,2013-08-24,2013-08-25,2013-09-23,12
360,88.93428105811616,15.278423307031147,17251.830391436502,265.95720439915493,872.7613336242274,35.36336936875824,126.86997971,112916.30062047824,95664.47022904173,z02,15,0.05,2013-05-27,2013-08-24,2013-08-25,2013-09-23,12
360,101.49628899242516,32.82688580067033,43652.04023114509,549.749212769208,2413.3398190006496,76.462171976102,163.464858225,132976.4891382225,89324.44890707741,z02,16,0.0,2013-06-26,2013-09-23,2013-09-24,2013-10-23,12
360,100.45656205135667,32.76777682537283,43573.43919102888,556.1325971211256,2413.3398190006496,74.90364045744458,163.464858225,132976.4891382225,89403.04994719362,z02,16,0.05,2013-06-26,2013-09-23,2013-09-24,2013-10-23,12
360,81.79272034087998,15.652272952553298,24288.416087188976,333.9339306895648,1595.0980322556002,56.52087508612344,174.397813772,155175.0097945161,130886.59370732713,z02,17,0.0,2013-07-26,2013-10-23,2013-10-24,2013-11-22,12
360,79.6646659897551,14.622979796532185,22691.21033151893,316.1700874117182,1367.894632323739,53.61805442469438,174.397813772,155175.0097945161,132483.79946299718,z02,17,0.05,2013-07-26,2013-10-23,2013-10-24,2013-11-22,12
360,33.835535048197336,13.7417399249962,28189.557662741343,433.11086492036287,1417.8149421822004,11.140098264483761,187.16417004,205138.1980491756,176948.64038643427,z02,18,0.0,2013-08-25,2013-11-22,2013-11-23,2013-12-22,12
360,35.1274084105919,14.15761400596729,29042.674258599,432.4939021028975,1417.8149421822004,12.007017536975098,187.16417004,205138.1980491756,176095.5237905766,z02,18,0.05,2013-08-25,2013-11-22,2013-11-23,2013-12-22,12
360,55.143069418841236,33.286262587246746,69174.23069941865,1502.8474587704477,7497.7493796238505,21.026047658703575,157.775344136,207816.15394070098,138641.92324128235,z02,19,0.0,2013-09-24,2013-12-22,2013-12-23,2014-01-21,12
360,53.70107821450286,32.101682190462675,66712.4812784865,1451.8093733006403,7082.753921359234,19.940763495904097,157.775344136,207816.15394070098,141103.6726622145,z02,19,0.05,2013-09-24,2013-12-22,2013-12-23,2014-01-21,12
360,45.34645232712595,19.655770296944954,68605.5910976644,1275.2363866754986,7002.39957731052,15.696832417779172,165.773056676,349035.37262199074,280429.78152432636,z02,20,0.0,2013-10-24,2014-01-21,2014-01-22,2014-02-20,12
360,47.158615595674696,20.08628450213066,70108.23795792492,1293.611895607266,7071.945749197164,16.97647369261057,165.773056676,349035.37262199074,278927.13466406584,z02,20,0.05,2013-10-24,2014-01-21,2014-01-22,2014-02-20,12
360,47.99325968809258,18.39198421830652,42718.06796747759,763.5903206421088,2778.206326116084,14.456178890453497,150.31342105,232264.59668749623,189546.52872001863,z02,21,0.0,2013-11-23,2014-02-20,2014-02-21,2014-03-22,12
360,50.55042229664908,17.32464157914268,40239.00889135002,691.1851287031959,1902.5453002686086,16.03771877335886,150.31342105,232264.59668749623,192025.58779614617,z02,21,0.05,2013-11-23,2014-02-20,2014-02-21,2014-03-22,12
360,85.61855822087182,20.09300225199292,20981.339369290843,244.7235170496774,626.1820786502915,21.406239446046733,102.530607282,104421.12684882525,83439.78747953441,z02,22,0.0,2013-12-23,2014-03-22,2014-03-23,2014-04-21,12
360,82.26099266937419,19.557529709179867,20422.192906119395,235.0746571531483,626.4888012521787,19.760250714540994,102.530607282,104421.12684882525,83998.93394270586,z02,22,0.05,2013-12-23,2014-03-22,2014-03-23,2014-04-21,12
360,63.6496666482608,21.36394549870837,27463.465671178943,574.2000169318999,5314.736391467746,14.077944968312366,111.84710526,128550.53235760846,101087.0666864295,z02,23,0.0,2014-01-22,2014-04-21,2014-04-22,2014-05-21,12
360,63.41290200315625,22.72092492785822,29207.86995133431,619.4596217860338,5354.982496321758,13.973405213127744,111.84710526,128550.53235760846,99342.66240627415,z02,23,0.05,2014-01-22,2014-04-21,2014-04-22,2014-05-21,12
360,82.73819722833447,21.41966442972391,17687.001258051772,287.97771094638006,1068.4343819436885,11.68614001327424,78.39362356599999,82573.6617680511,64886.66050999933,z02,24,0.0,2014-02-21,2014-05-21,2014-05-22,2014-06-20,12
360,83.19260939905622,21.091627202076815,17416.12890722117,283.9014603015386,1069.707377459447,11.81485702738786,78.39362356599999,82573.6617680511,65157.53286082993,z02,24,0.05,2014-02-21,2014-05-21,2014-05-22,2014-06-20,12
360,55.994965230324055,17.627182332366477,23381.465503486907,456.2209442028916,2509.7176458519475,11.490535418644146,114.86094999999999,132644.37312,109262.90761651308,z03,1,0.0,2012-04-02,2012-06-30,2012-07-01,2012-07-30,6
360,56.24055036461994,17.664963210459383,23431.57971239248,451.35470985233036,2533.3543035154034,11.59154781816759,114.86094999999999,132644.37312,109212.79340760753,z03,1,0.05,2012-04-02,2012-06-30,2012-07-01,2012-07-30,6
360,70.31399500551849,23.022575166784566,24716.629748280095,441.26396094807893,3045.8707359069003,22.304530376915494,127.440075,107358.23238375,82641.6026354699,z03,2,0.0,2012-05-02,2012-07-30,2012-07-31,2012-08-29,12
360,68.41560824130276,21.203054523546964,22763.224547842765,413.50522956213007,2497.5818255456525,21.11640197557441,127.440075,107358.23238375,84595.00783590722,z03,2,0.05,2012-05-02,2012-07-30,2012-07-31,2012-08-29,12
360,70.51041434906998,16.556201511962165,18528.44412187406,300.65402963666827,1022.4199054110389,28.611967249743387,143.9368,111912.41003249999,93383.96591062594,z03,3,0.0,2012-06-01,2012-08-29,2012-08-30,2012-09-28,12
360,74.79381087646058,17.32943099915007,19393.783876067984,316.83108593220436,1011.9635391202333,32.193819843253365,143.9368,111912.41003249999,92518.62615643202,z03,3,0.05,2012-06-01,2012-08-29,2012-08-30,2012-09-28,12
360,87.6817786362953,24.244455807694667,35252.62637087496,614.9806133702288,4427.639999999999,63.0386837572204,171.808825,145404.89854875,110152.27217787504,z03,4,0.0,2012-07-01,2012-09-28,2012-09-29,2012-10-28,12
360,86.12438913387643,23.79182858387206,34594.484215271674,608.0996204060764,4427.639999999999,60.819205669980285,171.808825,145404.89854875,110810.41433347833,z03,4,0.05,2012-07-01,2012-09-28,2012-09-29,2012-10-28,12
360,68.93722039363115,30.59936862634935,49252.03053777283,734.7523519900208,3392.2055062500003,37.535137855868264,168.622875,160957.6692225,111705.63868472716,z03,5,0.0,2012-07-31,2012-10-28,2012-10-29,2012-11-27,12
360,69.21110928003306,30.02342865716318,48325.01098724999,731.5197533816608,3392.2055062500003,37.8339859752202,168.622875,160957.6692225,112632.65823525001,z03,5,0.05,2012-07-31,2012-10-28,2012-10-29,2012-11-27,12
360,57.21658572175743,24.178882902657495,38771.23866703737,631.6749705334596,2142.6916969628537,22.235121153139755,156.368425,160351.6540575,121580.41539046263,z03,6,0.0,2012-08-30,2012-11-27,2012-11-28,2012-12-27,12
360,55.67424047066322,22.750915605142822,36481.469486072405,583.337438499027,2158.4928609612516,21.05252659854766,156.368425,160351.6540575,123870.1845714276,z03,6,0.05,2012-08-30,2012-11-27,2012-11-28,2012-12-27,12
360,34.30361596436746,15.651509160875092,28685.037644142518,610.153109060797,8172.7336529602535,10.761648467389133,181.4474,183273.30195,154588.26430585748,z03,7,0.0,2012-09-29,2012-12-27,2012-12-28,2013-01-26,12
360,36.02636299428222,15.505986591068366,28418.33362537524,606.3121899104838,8640.288753631005,11.869702645132504,181.4474,183273.30195,154854.96832462476,z03,7,0.05,2012-09-29,2012-12-27,2012-12-28,2013-01-26,12
360,51.299397502196605,17.019335781271735,23796.278013266703,341.83739768260557,964.5425376119761,17.54542596901622,154.9248,139819.0758975,116022.7978842333,z03,8,0.0,2012-10-29,2013-01-26,2013-01-27,2013-02-25,12
360,51.78991343769631,17.530117939307644,24510.44890648182,357.5121006397569,916.0694026280555,17.882562757367946,154.9248,139819.0758975,115308.62699101819,z03,8,0.05,2012-10-29,2013-01-26,2013-01-27,2013-02-25,12
360,41.40180132917143,14.165922534970909,21050.46115072672,329.8489309588876,1603.9533560073655,11.080497458729464,152.5498,148599.2959425,127548.83479177329,z03,9,0.0,2012-11-28,2013-02-25,2013-02-26,2013-03-27,12
360,42.43483135696321,12.91412537274062,19190.299381024313,289.93361950256786,1523.7316382202305,11.640342139911958,152.5498,148599.2959425,129408.99656147568,z03,9,0.05,2012-11-28,2013-02-25,2013-02-26,2013-03-27,12
360,61.361305552464174,36.30338004647189,61608.497252325295,1260.5863494113191,22671.758685506487,19.339200326487948,135.980275,169704.57619499997,108096.0789426747,z03,10,0.0,2012-12-28,2013-03-27,2013-03-28,2013-04-26,12
360,65.45531895042251,34.9717698136225,59348.693750099,1209.08034127465,21990.32463847693,22.00590411810818,135.980275,169704.57619499997,110355.88244490098,z03,10,0.05,2012-12-28,2013-03-27,2013-03-28,2013-04-26,12
360,51.236602660644515,16.98584804278594,20476.84852778012,355.6889747481967,1806.3409830668888,10.194007181260336,118.234275,120552.40619250001,100075.55766471989,z03,11,0.0,2013-01-27,2013-04-26,2013-04-27,2013-05-26,12
360,56.18754616325244,16.10476353182758,19414.679949230394,323.18881723746904,1764.8078307332455,12.259264530292276,118.234275,120552.40619250001,101137.7262432696,z03,11,0.05,2013-01-27,2013-04-26,2013-04-27,2013-05-26,12
360,91.57299595420605,30.177398365950594,22400.147600323016,347.6871242279601,1196.062358758145,16.2262530993413,83.46279999999999,74228.226465,51828.07886467698,z03,12,0.0,2013-02-26,2013-05-26,2013-05-27,2013-06-25,12
360,91.62601946329917,29.131542733810846,21623.827513201366,340.01994108965897,1059.388378320028,16.245049513297914,83.46279999999999,74228.226465,52604.398951798634,z03,12,0.05,2013-02-26,2013-05-26,2013-05-27,2013-06-25,12
360,61.75010984810097,22.360554362851868,20359.776547365833,352.25934595445716,876.5683547455089,9.172744526454643,93.060025,91052.19940875,70692.42286138417,z03,13,0.0,2013-03-28,2013-06-25,2013-06-26,2013-07-25,12
360,63.63794904956033,21.7991890342976,19848.641068999015,341.45887167585096,842.3137344621243,9.742180642235336,93.060025,91052.19940875,71203.55833975099,z03,13,0.05,2013-03-28,2013-06-25,2013-06-26,2013-07-25,12
360,84.54636090455793,30.297391575395753,26852.769992948255,474.2982376162515,1537.5975318777935,19.422590158044947,98.9031,88630.63318875,61777.86319580174,z03,14,0.0,2013-04-27,2013-07-25,2013-07-26,2013-08-24,12
360,85.71919889181324,30.285641273465203,26842.355625945616,479.16575621067386,1582.83687,19.965193097700308,98.9031,88630.63318875,61788.27756280439,z03,14,0.05,2013-04-27,2013-07-25,2013-07-26,2013-08-24,12
360,60.62975976014089,17.664490602612357,21756.71324773627,388.30329753101955,1519.2249363475132,16.87060860289605,128.537775,123166.37788875,101409.66464101373,z03,15,0.0,2013-05-27,2013-08-24,2013-08-25,2013-09-23,12
360,61.301586080396696,17.288455438156653,21293.564356088173,382.63429484036874,1467.6687103997283,17.246559769547865,128.537775,123166.37788875,101872.81353266182,z03,15,0.05,2013-05-27,2013-08-24,2013-08-25,2013-09-23,12
360,92.95935355869314,15.988080895900834,24537.66396518178,380.1688631925322,1197.0267562500003,67.539323710595,167.73995,153474.7298625,128937.06589731823,z03,16,0.0,2013-06-26,2013-09-23,2013-09-24,2013-10-23,12
360,93.6915366892073,15.758367630122052,24185.112151069465,375.9943906548807,1197.0267562500003,68.60744433725772,167.73995,153474.7298625,129289.61771143053,z03,16,0.05,2013-06-26,2013-09-23,2013-09-24,2013-10-23,12
360,56.44773429171735,19.74589613349614,32810.37152606718,549.0841885020686,1741.5845977972904,25.474868591885663,169.65267500000002,166162.99054875,133352.61902268283,z03,17,0.0,2013-07-26,2013-10-23,2013-10-24,2013-11-22,12
360,63.49790659351954,21.142250958422622,35130.59646183679,584.3043896247286,1888.98643125,32.235746964047415,169.65267500000002,166162.99054875,131032.39408691322,z03,17,0.05,2013-07-26,2013-10-23,2013-10-24,2013-11-22,12
360,37.848991755727006,14.38771881121621,30726.416857017743,487.52876858644294,1554.9409769798074,12.89111422843317,179.98742499999997,213560.03172,182833.61486298224,z03,18,0.0,2013-08-25,2013-11-22,2013-11-23,2013-12-22,12
360,36.663596653562344,12.890362255541866,27528.661721758115,438.4781056459021,1314.450279894796,12.096283579426668,179.98742499999997,213560.03172,186031.3699982419,z03,18,0.05,2013-08-25,2013-11-22,2013-11-23,2013-12-22,12
360,45.26946707683341,25.30273265996041,62707.23907232398,1447.6651558692008,9573.711487416342,16.245646357126557,168.93295,247827.93192749997,185120.692855176,z03,19,0.0,2013-09-24,2013-12-22,2013-12-23,2014-01-21,12
360,46.6182905205258,25.02055729904449,62007.929710957105,1428.29873049982,9416.951373153226,17.22816090653012,168.93295,247827.93192749997,185820.0022165429,z03,19,0.05,2013-09-24,2013-12-22,2013-12-23,2014-01-21,12
360,45.0930570999507,18.28727840549497,67843.42121050919,1288.574307159216,7386.439108244369,15.119940600237504,163.61255,370986.976335,303143.5551244908,z03,20,0.0,2013-10-24,2014-01-21,2014-01-22,2014-02-20,12
360,49.538315891060506,18.447928605401717,68439.41252961937,1290.2946977512859,6886.779466470787,18.2479130326081,163.61255,370986.976335,302547.5638053806,z03,20,0.05,2013-10-24,2014-01-21,2014-01-22,2014-02-20,12
360,54.33671173690212,23.603090095999242,54853.70903952992,1081.339258727663,6679.57398266445,15.582379917031982,137.83985,232400.54084625002,177546.83180672006,z03,21,0.0,2013-11-23,2014-02-20,2014-02-21,2014-03-22,12
360,56.337350942380354,24.203890084834438,56249.97146298711,1104.6403614449591,6066.380259811873,16.750968692833307,137.83985,232400.54084625002,176150.5693832629,z03,21,0.05,2013-11-23,2014-02-20,2014-02-21,2014-03-22,12
360,75.99815340064961,22.79718653312597,24946.610287014802,324.04670151783637,1398.9487618698545,16.90197677238657,102.640075,109428.46061625001,84481.8503292352,z03,22,0.0,2013-12-23,2014-03-22,2014-03-23,2014-04-21,12
360,82.2448531293897,22.2662142057386,24365.575442856527,290.1548920703605,948.740196942374,19.794697961374744,102.640075,109428.46061625001,85062.88517339347,z03,22,0.05,2013-12-23,2014-03-22,2014-03-23,2014-04-21,12
360,59.43535639769827,24.942285137661347,33949.12252534576,755.8766065578321,8060.050006543999,11.548650333822497,108.485575,136110.7145475,102161.59202215425,z03,23,0.0,2014-01-22,2014-04-21,2014-04-22,2014-05-21,12
360,59.13994671987947,24.275790488560414,33041.95189603362,731.3053543019325,8009.433144251152,11.434135841482469,108.485575,136110.7145475,103068.76265146639,z03,23,0.05,2014-01-22,2014-04-21,2014-04-22,2014-05-21,12
360,68.4274654644658,17.427806830929505,16241.15799674227,256.3678120100146,780.7147036454822,8.697612286027633,81.77505,93191.0604375,76949.90244075772,z03,24,0.0,2014-02-21,2014-05-21,2014-05-22,2014-06-20,12
360,76.90071017116463,17.935599991020748,16714.37582746039,254.2474046762056,780.7258023995139,10.984994324957393,81.77505,93191.0604375,76476.6846100396,z03,24,0.05,2014-02-21,2014-05-21,2014-05-22,2014-06-20,12
