profit_type,local_hour,baseline_mean_regret,proposed_mean_regret,mean_regret_change,baseline_P90_regret,proposed_P90_regret,baseline_max_regret,proposed_max_regret,baseline_CVaR90_regret,proposed_CVaR90_regret,CVaR90_change
원본,9,354.56110091163583,239.11890128036157,-115.44219963127426,427.91862834683974,331.2888627825242,1985.5354305831725,2001.350645948762,1033.5892121821823,913.1858215404563,-120.40339064172599
원본,10,250.6249665445706,252.66837622593067,2.0434096813600604,389.60340792157916,423.8724898706948,1205.7199967622028,1231.1302907789413,707.646730428842,840.1613461072546,132.5146156784126
원본,11,129.90868954842378,152.64404273971195,22.73535319128817,292.3023700408638,307.9395333463347,697.7423699511533,735.2994732529164,448.0931225930479,511.2817303657637,63.188607772715784
원본,12,126.50415894116772,81.64406960637807,-44.86008933478965,187.3441746843489,135.7185963762253,687.3762152136827,712.9729349999999,371.1259308443952,371.6851995186773,0.5592686742820661
원본,13,56.11671371800756,55.51206035057158,-0.6046533674359793,149.29671543634217,109.53868805683334,649.9422000000002,649.9422000000002,378.34802007626513,372.67037896160383,-5.677641114661299
원본,14,50.76680084105951,52.35511957239922,1.5883187313397045,145.8180453929333,108.96529927546558,341.6728509330602,407.18144131163274,280.7946904740108,275.81356733345825,-4.9811231405525405
원본,15,108.8107095733497,101.80487493679439,-7.005834636555306,134.83578577840152,113.5746560199422,459.83275062895314,620.470828669653,248.0055699927865,297.77356450596903,49.76799451318254
원본,16,187.92500294922442,181.76513404484726,-6.159868904377163,310.1643086490783,305.61611178338256,784.1595984753001,809.7516532745444,510.9147992208753,537.6624830985996,26.74768387772434
원본,17,218.55223235773025,189.94140620773777,-28.610826149992477,255.8977332014384,237.0235899665912,353.596654005511,317.33850532854547,321.56929591115,276.4151973607384,-45.15409855041162
원본,18,279.5875028355614,283.58046549679074,3.992962661229342,337.41968484614915,340.06953140613996,375.70006551522465,379.1435476809155,359.86464645555253,371.3865278915191,11.521881435966577
원본,19,329.3984935080751,318.7494199308352,-10.649073577239903,391.3287555291155,374.278443213394,440.8798583931063,430.66722724509697,410.0340470695535,396.3741081985988,-13.659938870954704
원본,20,350.95491637194306,350.4822672950629,-0.47264907688014546,403.52248773998446,403.3699774671344,480.6565324204409,480.26951974568124,446.7662922649045,446.6311108583033,-0.13518140660119116
4항,9,189.74167174744005,137.3494066376609,-52.392265109779146,366.9684724695581,306.7273955778259,2771.3749036192085,1554.9409769798074,1243.7999749706712,793.2098569843224,-450.5901179863488
4항,10,172.66383949479174,166.08129188379903,-6.5825476109927195,357.39599671436696,304.388819177542,1407.5569587807236,1328.8749025176444,826.508592197255,709.4259053669539,-117.0826868303011
4항,11,158.62686492827274,185.4694561110975,26.842591182824748,393.3663042562105,502.98074720765686,938.5391039950272,1056.6220124999995,756.2099283658844,878.1153439333383,121.90541556745393
4항,12,87.78159277072106,97.12268210180603,9.341089331084973,149.8848035185969,254.18731173374482,687.3762152136827,644.9695798066891,488.2375776808182,499.6016638963751,11.364086215556881
4항,13,129.9711372546028,125.08474258007256,-4.886394674530251,265.1380265722513,231.01090333089655,851.2700850000001,851.2700850000001,468.2909324958949,462.75360874999996,-5.537323745894923
4항,14,98.93015780377688,95.79062717983422,-3.1395306239426617,228.88158928295834,229.00882477967878,468.4669687500001,468.4669687500001,366.646050004214,364.1444283820227,-2.501621622191294
4항,15,61.243438095645764,56.37078950022389,-4.872648595421872,144.9310580831541,125.3173193427434,459.83275062895314,450.3553577165769,312.944528177691,298.5142825904473,-14.43024558724369
4항,16,99.77064461312881,107.82403314254285,8.053388529414036,267.7644929589796,296.8603674084818,784.1595984753001,801.3893470424742,603.809556992033,643.3635206274195,39.55396363538648
4항,17,29.397724102449583,18.749264746276992,-10.64845935617259,80.69751379947259,47.27836861596893,117.17673073923439,95.34172318235309,110.76463453048878,75.69685802766568,-35.067776502823094
4항,18,27.366615890992367,26.85317897253083,-0.5134369184615366,54.644213710318716,54.98750631265564,245.94461280257661,244.90572780429193,131.377296206791,127.38601038327829,-3.9912858235126976
4항,19,5.647986281345984,5.082578948167321,-0.5654073331786629,10.092306612188017,8.220088919720656,54.818509096008555,51.46495322554871,27.41117777475867,26.250036093745763,-1.1611416810129072
4항,20,2.535801239088895,2.4358434299126617,-0.09995780917623343,6.506893959870899,6.045159082899387,15.772639330184992,14.880965639958298,10.311641748607952,9.927699664000075,-0.3839420846078774
Zhang,9,194.60334875303093,130.19667500634776,-64.40667374668317,383.04654437281954,351.67077545953686,3070.254295720399,1561.4368366253777,1371.4525070960308,807.2393201977461,-564.2131868982847
Zhang,10,159.49276160121627,156.08343582763726,-3.4093257735790132,372.2152566055771,318.34228648276235,1453.6614365521864,1349.814640203362,850.9479810103034,722.7223122748679,-128.22566873543542
Zhang,11,149.7486209964683,184.02665606090207,34.278035064433766,400.15074664797186,552.4943347500005,1084.805484868168,1277.2911374999999,823.0932439404528,1029.0503999999999,205.95715605954706
Zhang,12,83.48648259202619,87.15751687856809,3.6710342865418966,154.4052574595013,236.77008266677527,687.3762152136827,629.2976869052555,517.4733303267853,501.71162220879506,-15.761708117990281
Zhang,13,119.4043129693065,113.44408474828197,-5.960228221024536,260.69514412376844,236.33713391557768,888.7639425,888.7639425,479.66179178020224,466.0531555227952,-13.608636257407056
Zhang,14,91.3760182054601,87.97609652725637,-3.399921678203725,222.35107185203944,222.2029885735921,491.81662500000016,491.81662500000016,368.5297898178182,363.5691642210308,-4.960625596787395
Zhang,15,61.596991914620425,57.8987313590985,-3.6982605555219266,141.88315235127112,125.75588035902729,459.83275062895314,456.22415620142624,325.34874492887076,314.4350792168079,-10.91366571206288
Zhang,16,101.43409773433639,102.38465061285794,0.9505528785215489,295.3704657224094,309.5688123423163,784.1595984753001,762.2210519554001,627.47021424965,628.2583548426838,0.7881405930338587
Zhang,17,31.254263047665923,25.78344978326479,-5.470813264401134,85.17135849564768,60.33664945156315,124.6642793051098,117.48631940448297,115.49645636922583,102.05029404437164,-13.446162324854185
Zhang,18,29.866211807091943,29.35603498341497,-0.510176823676975,55.01454359875363,55.1939073447566,308.1365634987,307.1806929224292,156.1383226593517,151.3840583177743,-4.754264341577397
Zhang,19,10.290729288246958,9.676187308331727,-0.6145419799152307,10.463481754706075,8.505860130117362,139.24659036222224,140.6015994191846,73.60830230808331,72.04547597926252,-1.5628263288207904
Zhang,20,2.561316830427903,2.452009362282715,-0.10930746814518821,6.908621416555827,6.66606897602426,16.105907061359083,14.932593220930514,10.49667170111325,10.018903791072807,-0.47776791004044306
